[{"name":"Colors","settings":[{"type":"heading","content":"Accent Colors"},{"type":"color","label":"Accent Color","id":"accent-color"},{"type":"color","label":"Light Color","id":"light-color"},{"type":"color","label":"Light Accent Color","id":"light-accent-color"},{"type":"color","label":"Dark Color","id":"dark-color"},{"type":"color","label":"Dark Accent Color","id":"dark-accent-color"},{"type":"heading","content":"Header Colors"},{"type":"color","label":"Header Background Color","id":"header-background-color"},{"type":"color","label":"Header Text Color","id":"navigation-color"},{"type":"color","label":"Header Text Color Hover","id":"navigation-hover-color"},{"type":"heading","content":"Footer Colors"},{"type":"color","label":"Footer Background Color","id":"footer-background-color"},{"type":"color","label":"Footer Text Color","id":"footer-color"},{"type":"heading","content":"Carousel Colors"},{"type":"color","label":"Carousel Text Color","id":"carousel-color"},{"type":"color","label":"Carousel Background Color","id":"carousel-background-color"},{"type":"color","label":"Carousel Button Color","id":"carousel-button-color"},{"type":"color","label":"Carousel Button Background Color","id":"carousel-button-background-color"},{"type":"color","label":"Carousel Navigation Color","id":"carousel-nav-color"},{"type":"heading","content":"Heading Colors"},{"type":"color","label":"Heading Color","id":"heading-color"},{"type":"color","label":"Section Title Color","id":"section-title-color"},{"type":"heading","content":"Button Colors"},{"type":"color","label":"Primary Button Text Color","id":"primary-button-text-color"},{"type":"color","label":"Primary Button Background Color","id":"primary-button-background-color"},{"type":"color","label":"Primary Button Hover","id":"primary-button-hover"},{"type":"color","label":"Secondary Button Text Color","id":"secondary-button-text-color"},{"type":"color","label":"Secondary Button Background Color","id":"secondary-button-background-color"},{"type":"color","label":"Secondary Button Background Hover","id":"secondary-button-hover"},{"type":"color","label":"Disabled Button Color","id":"disabled-button-color"},{"type":"color","label":"Disabled Button Background","id":"disabled-button-background"},{"type":"heading","content":"General Colors"},{"type":"color","label":"Body Color","id":"body-color"},{"type":"color","label":"Body Background Color","id":"body-background-color"},{"type":"color","label":"Border Color","id":"border-color"},{"type":"color","label":"Banner Background Color","id":"banner-background-color"},{"type":"color","label":"Input Background Color","id":"input-background-color"},{"type":"color","label":"Input Color","id":"input-color"},{"type":"color","label":"Input Border Color","id":"input-border-color"},{"type":"color","label":"Meta Color","id":"meta-color"},{"type":"heading","content":"Message Colors"},{"type":"color","label":"Error Color","id":"error-color"},{"type":"color","label":"Success Color","id":"success-color"},{"type":"color","label":"Disabled Color","id":"disabled-color"}]},{"name":"Typography","settings":[{"type":"heading","content":"Body Typography"},{"type":"font","label":"Body Font Family","id":"body-font","options":[{"label":"Arvo","value":"Google_Arvo_400,400italic,700"},{"label":"Lato","value":"Google_Lato_300,400,400italic,700"},{"label":"Open Sans","value":"Google_Open+Sans_300,400,600,700,800"},{"label":"Source Sans Pro","value":"Google_Source+Sans+Pro_300,400,400italic,700"},{"label":"Dosis","value":"Google_Dosis_300,400,700"},{"label":"Lora","value":"Google_Lora_400,400italic,700"},{"label":"Raleway","value":"Google_Raleway_300,400,700"},{"label":"Karla","value":"Google_Karla_400,400italic,700"},{"label":"Montserrat","value":"Google_Montserrat_400"}]},{"type":"select","label":"Body Font Size","id":"font-size","options":[{"value":14,"label":"14px"},{"value":15,"label":"15px"},{"value":16,"label":"16px"},{"value":17,"label":"17px"},{"value":18,"label":"18px"}]},{"type":"heading","content":"Navigation Typography"},{"type":"font","label":"Navigation Font Family","id":"navigation-font","options":[{"label":"Arvo","value":"Google_Arvo_400,400italic,700"},{"label":"Lato","value":"Google_Lato_300,400,400italic,700"},{"label":"Open Sans","value":"Google_Open+Sans_300,400,600,700,800"},{"label":"Source Sans Pro","value":"Google_Source+Sans+Pro_300,400,400italic,700"},{"label":"Dosis","value":"Google_Dosis_300,400,700"},{"label":"Lora","value":"Google_Lora_400,400italic,700"},{"label":"Raleway","value":"Google_Raleway_300,400,700"},{"label":"Karla","value":"Google_Karla_400,400italic,700"},{"label":"Montserrat","value":"Google_Montserrat_400"}]},{"type":"select","label":"Navigation Font Size","id":"navigation-size","options":[{"value":14,"label":"14px"},{"value":15,"label":"15px"},{"value":16,"label":"16px"},{"value":17,"label":"17px"},{"value":18,"label":"18px"}]},{"type":"select","label":"Navigation Padding","id":"navigation-padding","options":[{"value":15,"label":"15px"},{"value":20,"label":"20px"},{"value":25,"label":"25px"}]},{"type":"heading","content":"Carousel Typography"},{"type":"font","label":"Carousel Heading Font Family","id":"carousel-heading-font","options":[{"label":"Arvo","value":"Google_Arvo_400,400italic,700"},{"label":"Lato","value":"Google_Lato_300,400,400italic,700"},{"label":"Open Sans","value":"Google_Open+Sans_300,400,600,700,800"},{"label":"Source Sans Pro","value":"Google_Source+Sans+Pro_300,400,400italic,700"},{"label":"Dosis","value":"Google_Dosis_300,400,700"},{"label":"Lora","value":"Google_Lora_400,400italic,700"},{"label":"Raleway","value":"Google_Raleway_300,400,700"},{"label":"Karla","value":"Google_Karla_400,400italic,700"},{"label":"Montserrat","value":"Google_Montserrat_400"}]},{"type":"select","label":"Carousel Heading Font Size","id":"carousel-heading-font-size","options":[{"value":45,"label":"45px"},{"value":55,"label":"55px"},{"value":65,"label":"65px"},{"value":75,"label":"75px"}]},{"type":"font","label":"Carousel Caption Font Family","id":"carousel-caption-font","options":[{"label":"Arvo","value":"Google_Arvo_400,400italic,700"},{"label":"Lato","value":"Google_Lato_300,400,400italic,700"},{"label":"Open Sans","value":"Google_Open+Sans_300,400,600,700,800"},{"label":"Source Sans Pro","value":"Google_Source+Sans+Pro_300,400,400italic,700"},{"label":"Dosis","value":"Google_Dosis_300,400,700"},{"label":"Lora","value":"Google_Lora_400,400italic,700"},{"label":"Raleway","value":"Google_Raleway_300,400,700"},{"label":"Karla","value":"Google_Karla_400,400italic,700"},{"label":"Montserrat","value":"Google_Montserrat_400"}]},{"type":"select","label":"Carousel Caption Font Size","id":"carousel-caption-font-size","options":[{"value":20,"label":"20px"},{"value":25,"label":"25px"},{"value":35,"label":"35px"},{"value":45,"label":"45px"}]},{"type":"heading","content":"Headings Typography"},{"type":"font","label":"Heading Font Family","id":"heading-font","options":[{"label":"Arvo","value":"Google_Arvo_400,400italic,700"},{"label":"Lato","value":"Google_Lato_300,400,400italic,700"},{"label":"Open Sans","value":"Google_Open+Sans_300,400,600,700,800"},{"label":"Source Sans Pro","value":"Google_Source+Sans+Pro_300,400,400italic,700"},{"label":"Dosis","value":"Google_Dosis_300,400,700"},{"label":"Lora","value":"Google_Lora_400,400italic,700"},{"label":"Raleway","value":"Google_Raleway_300,400,700"},{"label":"Karla","value":"Google_Karla_400,400italic,700"},{"label":"Montserrat","value":"Google_Montserrat_400"}]},{"type":"select","label":"Heading Font Size","id":"page-heading-size","options":[{"value":15,"label":"15px"},{"value":20,"label":"20px"},{"value":25,"label":"25px"},{"value":30,"label":"30px"},{"value":35,"label":"35px"},{"value":40,"label":"40px"},{"value":45,"label":"45px"}]},{"type":"font","label":"Section Heading Font Family","id":"section-heading-font","options":[{"label":"Arvo","value":"Google_Arvo_400,400italic,700"},{"label":"Lato","value":"Google_Lato_300,400,400italic,700"},{"label":"Open Sans","value":"Google_Open+Sans_300,400,600,700,800"},{"label":"Source Sans Pro","value":"Google_Source+Sans+Pro_300,400,400italic,700"},{"label":"Dosis","value":"Google_Dosis_300,400,700"},{"label":"Lora","value":"Google_Lora_400,400italic,700"},{"label":"Raleway","value":"Google_Raleway_300,400,700"},{"label":"Karla","value":"Google_Karla_400,400italic,700"},{"label":"Montserrat","value":"Google_Montserrat_400"}]},{"type":"select","label":"Section Heading Font Size","id":"heading-size","options":[{"value":16,"label":"16px"},{"value":18,"label":"18px"},{"value":20,"label":"20px"},{"value":22,"label":"22px"},{"value":24,"label":"24px"},{"value":26,"label":"26px"}]},{"type":"heading","content":"Meta Typography"},{"type":"font","label":"Meta Font Family","id":"meta-font","options":[{"label":"Arvo","value":"Google_Arvo_400,400italic,700"},{"label":"Lato","value":"Google_Lato_300,400,400italic,700"},{"label":"Open Sans","value":"Google_Open+Sans_300,400,600,700,800"},{"label":"Source Sans Pro","value":"Google_Source+Sans+Pro_300,400,400italic,700"},{"label":"Dosis","value":"Google_Dosis_300,400,700"},{"label":"Lora","value":"Google_Lora_400,400italic,700"},{"label":"Raleway","value":"Google_Raleway_300,400,700"},{"label":"Karla","value":"Google_Karla_400,400italic,700"},{"label":"Montserrat","value":"Google_Montserrat_400"}]},{"type":"select","label":"Meta Font Size","id":"meta-size","options":[{"value":12,"label":"12px"},{"value":13,"label":"13px"},{"value":14,"label":"14px"},{"value":15,"label":"15px"}]},{"type":"font","label":"Button Font","id":"button-font","options":[{"label":"Arvo","value":"Google_Arvo_400,400italic,700"},{"label":"Lato","value":"Google_Lato_300,400,400italic,700"},{"label":"Open Sans","value":"Google_Open+Sans_300,400,600,700,800"},{"label":"Source Sans Pro","value":"Google_Source+Sans+Pro_300,400,400italic,700"},{"label":"Dosis","value":"Google_Dosis_300,400,700"},{"label":"Lora","value":"Google_Lora_400,400italic,700"},{"label":"Raleway","value":"Google_Raleway_300,400,700"},{"label":"Karla","value":"Google_Karla_400,400italic,700"},{"label":"Montserrat","value":"Google_Montserrat_400"}]}]},{"name":"Header","settings":[{"type":"select","label":"Logo Dimensions","id":"retina-logo","force_reload":true,"options":[{"value":true,"label":"Restrict logo size (better for retina)"},{"value":false,"label":"Don't restrict logo size"}]},{"type":"select","label":"Header Layout","id":"header_layout","force_reload":true,"options":[{"value":"left-aligned","label":"Header Style 1"},{"value":"centered","label":"Header Style 2"}]},{"type":"select","label":"Logo Position","id":"logo-position","force_reload":true,"options":[{"value":"logo-left","label":"Left"},{"value":"logo-right","label":"Right"},{"value":"logo-center","label":"Center"}]},{"type":"checkbox","label":"Show 'Home' Link","id":"global-show-home-in-nav","force_reload":false},{"type":"checkbox","label":"Show Pages","id":"global-show-pages-in-nav","force_reload":true},{"type":"checkbox","label":"Show Categories","id":"global-show-categories-in-nav","force_reload":false},{"type":"select","label":"Categories Display","id":"categories-display-type","force_reload":true,"options":[{"value":"categories-main-nav","label":"in the main navigation"},{"value":"categories-dropdown","label":"in a dropdown"}]},{"type":"checkbox","label":"Show \"All\" Links for Parent Links with Dropdown Menus","id":"categories-all-link","force_reload":true}]},{"name":"Container","settings":[{"type":"select","label":"Container Width","id":"container-width","options":[{"value":"small","label":"Small"},{"value":"medium","label":"Medium"},{"value":"large","label":"Large"},{"value":"full-width","label":"100%"}]}]},{"name":"Homepage","settings":[{"type":"heading","content":"Carousel"},{"type":"select","label":"Homepage Carousel Width","id":"homepage_carousel_width","force_reload":true,"options":[{"value":"slide-fullwidth","label":"Full Width"},{"value":"slide-fixed","label":"Fixed Width"}]},{"type":"text","label":"Video Slide URL (Youtube)","force_reload":true,"id":"video_slide_url"},{"type":"text","label":"Video Slide Poster URL (optional)","force_reload":true,"id":"video_slide_poster"},{"type":"text","label":"Video Slide Heading","force_reload":true,"id":"video_slide_heading"},{"type":"text","label":"Video Slide Text","force_reload":true,"id":"video_slide_text"},{"type":"text","label":"Video Slide Button Text","force_reload":true,"id":"video_slide_button_text"},{"type":"text","label":"Video Slide Button URL","force_reload":true,"id":"video_slide_button_url"},{"type":"select","label":"Homepage Carousel Transition","id":"homepage_carousel_transition","force_reload":true,"options":[{"value":"slide-transition","label":"Slide"},{"value":"fade-transition","label":"Fade"}]},{"type":"heading","content":"Featured Products"},{"type":"select","label":"Featured Products Per Row","id":"featured_products_per_row","force_reload":true,"options":[{"value":"row-of-two","label":"2"},{"value":"row-of-three","label":"3"},{"value":"row-of-four","label":"4"},{"value":"row-of-five","label":"5"}]},{"type":"select","label":"Featured Products","id":"homepage_products_featured","force_reload":true,"options":[{"value":0,"label":"Disabled"},{"value":1,"label":"1"},{"value":2,"label":"2"},{"value":3,"label":"3"},{"value":4,"label":"4"},{"value":5,"label":"5"},{"value":6,"label":"6"},{"value":8,"label":"7"},{"value":8,"label":"8"},{"value":9,"label":"9"},{"value":10,"label":"10"},{"value":11,"label":"11"},{"value":12,"label":"12"},{"value":13,"label":"13"},{"value":14,"label":"14"},{"value":15,"label":"15"},{"value":16,"label":"16"},{"value":17,"label":"17"},{"value":18,"label":"18"},{"value":19,"label":"19"},{"value":20,"label":"20"},{"value":21,"label":"21"},{"value":22,"label":"22"},{"value":23,"label":"23"},{"value":24,"label":"24"},{"value":25,"label":"25"},{"value":26,"label":"26"},{"value":27,"label":"27"},{"value":28,"label":"28"},{"value":29,"label":"29"},{"value":30,"label":"30"}]},{"type":"color","label":"Featured Products Background Color","id":"featured-products-background-color"},{"type":"heading","content":"Popular Products"},{"type":"select","label":"Popular Products Per Row","id":"popular_products_per_row","force_reload":true,"options":[{"value":"row-of-two","label":"2"},{"value":"row-of-three","label":"3"},{"value":"row-of-four","label":"4"},{"value":"row-of-five","label":"5"}]},{"type":"select","label":"Popular Products","id":"homepage_products_popular","force_reload":true,"options":[{"value":0,"label":"Disabled"},{"value":1,"label":"1"},{"value":2,"label":"2"},{"value":3,"label":"3"},{"value":4,"label":"4"},{"value":5,"label":"5"},{"value":6,"label":"6"},{"value":8,"label":"7"},{"value":8,"label":"8"},{"value":9,"label":"9"},{"value":10,"label":"10"},{"value":11,"label":"11"},{"value":12,"label":"12"},{"value":13,"label":"13"},{"value":14,"label":"14"},{"value":15,"label":"15"},{"value":16,"label":"16"},{"value":17,"label":"17"},{"value":18,"label":"18"},{"value":19,"label":"19"},{"value":20,"label":"20"},{"value":21,"label":"21"},{"value":22,"label":"22"},{"value":23,"label":"23"},{"value":24,"label":"24"},{"value":25,"label":"25"},{"value":26,"label":"26"},{"value":27,"label":"27"},{"value":28,"label":"28"},{"value":29,"label":"29"},{"value":30,"label":"30"}]},{"type":"color","label":"Popular Products Background Color","id":"popular-products-background-color"},{"type":"heading","content":"New Products"},{"type":"select","label":"New Products Per Row","id":"new_products_per_row","force_reload":true,"options":[{"value":"row-of-two","label":"2"},{"value":"row-of-three","label":"3"},{"value":"row-of-four","label":"4"},{"value":"row-of-five","label":"5"}]},{"type":"select","label":"New Products","id":"homepage_products_new","force_reload":true,"options":[{"value":0,"label":"Disabled"},{"value":1,"label":"1"},{"value":2,"label":"2"},{"value":3,"label":"3"},{"value":4,"label":"4"},{"value":5,"label":"5"},{"value":6,"label":"6"},{"value":8,"label":"7"},{"value":8,"label":"8"},{"value":9,"label":"9"},{"value":10,"label":"10"},{"value":11,"label":"11"},{"value":12,"label":"12"},{"value":13,"label":"13"},{"value":14,"label":"14"},{"value":15,"label":"15"},{"value":16,"label":"16"},{"value":17,"label":"17"},{"value":18,"label":"18"},{"value":19,"label":"19"},{"value":20,"label":"20"},{"value":21,"label":"21"},{"value":22,"label":"22"},{"value":23,"label":"23"},{"value":24,"label":"24"},{"value":25,"label":"25"},{"value":26,"label":"26"},{"value":27,"label":"27"},{"value":28,"label":"28"},{"value":29,"label":"29"},{"value":30,"label":"30"}]},{"type":"color","label":"New Products Background Color","id":"new-products-background-color"}]},{"name":"Product Grid","settings":[{"type":"select","label":"Enable Product Quick View","id":"show_quick_shop","force_reload":true,"options":[{"value":true,"label":"Yes"},{"value":false,"label":"No"}]},{"type":"checkbox","label":"Add 'From' text to products whose prices vary based on options","force_reload":true,"id":"price_as_low_as"},{"type":"paragraph","content":"*only recommended if default options are set to lowest price available for each product"},{"type":"select","label":"Products Per Row","id":"products_per_row","force_reload":true,"options":[{"value":"row-of-two","label":"2"},{"value":"row-of-three","label":"3"},{"value":"row-of-four","label":"4"},{"value":"row-of-five","label":"5"}]},{"type":"select","label":"Products Results Count","id":"product_results_per_page","force_reload":true,"options":[{"value":0,"label":"Disabled"},{"value":1,"label":"1"},{"value":2,"label":"2"},{"value":3,"label":"3"},{"value":4,"label":"4"},{"value":5,"label":"5"},{"value":6,"label":"6"},{"value":8,"label":"7"},{"value":8,"label":"8"},{"value":9,"label":"9"},{"value":10,"label":"10"},{"value":11,"label":"11"},{"value":12,"label":"12"},{"value":13,"label":"13"},{"value":14,"label":"14"},{"value":15,"label":"15"},{"value":16,"label":"16"},{"value":17,"label":"17"},{"value":18,"label":"18"},{"value":19,"label":"19"},{"value":20,"label":"20"},{"value":21,"label":"21"},{"value":22,"label":"22"},{"value":23,"label":"23"},{"value":24,"label":"24"},{"value":25,"label":"25"},{"value":26,"label":"26"},{"value":27,"label":"27"},{"value":28,"label":"28"},{"value":29,"label":"29"},{"value":30,"label":"30"}]},{"type":"select","label":"Product Grid Aspect Ratio","id":"grid_aspect_ratio","force_reload":true,"options":[{"value":"one-by-one","label":"1:1 (Square)"},{"value":"four-by-five","label":"4:5"},{"value":"two-by-three","label":"2:3"},{"value":"three-by-two","label":"3:2"}]}]},{"name":"Product Page","settings":[{"type":"heading","content":"Sharing"},{"type":"select","label":"Display Sharing Buttons","id":"product_sharing_buttons","force_reload":true,"options":[{"value":true,"label":"Yes"},{"value":false,"label":"No"}]},{"type":"heading","content":"Reviews"},{"type":"select","label":"Number of Reviews","id":"product_page_reviews_count","force_reload":true,"options":[{"value":5,"label":"5"},{"value":10,"label":"10"},{"value":25,"label":"25"},{"value":50,"label":"50"},{"value":9999,"label":"All"}]},{"type":"heading","content":"Related Products"},{"type":"select","label":"Related Products Per Row","id":"related_products_per_row","force_reload":true,"options":[{"value":"row-of-two","label":"2"},{"value":"row-of-three","label":"3"},{"value":"row-of-four","label":"4"},{"value":"row-of-five","label":"5"}]},{"type":"select","label":"Related Products","id":"product_page_products_related","force_reload":true,"options":[{"value":0,"label":"Disabled"},{"value":2,"label":"2"},{"value":3,"label":"3"},{"value":4,"label":"4"},{"value":5,"label":"5"},{"value":6,"label":"6"},{"value":8,"label":"8"},{"value":9,"label":"9"},{"value":10,"label":"10"},{"value":12,"label":"12"},{"value":15,"label":"15"}]},{"type":"color","label":"Related Products Background Color","id":"related-products-background-color"}]},{"name":"Brand Listings","settings":[{"type":"select","label":"Brands Per Page","id":"brands_per_page","force_reload":true,"options":[{"value":12,"label":"12"},{"value":16,"label":"16"},{"value":20,"label":"20"},{"value":24,"label":"24"},{"value":28,"label":"28"},{"value":32,"label":"32"}]}]},{"name":"Banners","settings":[{"type":"select","label":"Page Banners Width","id":"banners_full_width","force_reload":true,"options":[{"value":true,"label":"Full Width"},{"value":false,"label":"Contained"}]}]},{"name":"Blog","settings":[{"type":"select","label":"Display Sharing Buttons","id":"blog_sharing_buttons","force_reload":true,"options":[{"value":true,"label":"Yes"},{"value":false,"label":"No"}]}]},{"name":"Footer","settings":[{"type":"heading","content":"Footer Navigation"},{"type":"select","label":"Choose menu to show in footer","id":"footer_menu","force_reload":true,"options":[{"value":"footer-show-pages","label":"Pages"},{"value":"footer-show-categories","label":"Categories"},{"value":"footer-show-brands","label":"Brands"}]},{"type":"heading","content":"Theme Credits"},{"type":"checkbox","label":"Show theme credits","id":"theme_credits","force_reload":true},{"type":"checkbox","label":"Show shop copyright","id":"theme_copyright","force_reload":true},{"type":"heading","content":"Sitemap"},{"type":"checkbox","label":"Show sitemap link","id":"sitemap","force_reload":true},{"type":"heading","content":"Payment Icons"},{"type":"checkbox","label":"Visa","id":"payment_visa","force_reload":true},{"type":"checkbox","label":"Mastercard","id":"payment_mastercard","force_reload":true},{"type":"checkbox","label":"American Express","id":"payment_american_express","force_reload":true},{"type":"checkbox","label":"Discover","id":"payment_discover","force_reload":true},{"type":"checkbox","label":"Paypal","id":"payment_paypal","force_reload":true},{"type":"checkbox","label":"Apple Pay","id":"payment_apple_pay","force_reload":true}]},{"name":"Apple Pay","settings":[{"type":"select","label":"Button Color","id":"style_apple_pay_button","options":[{"value":"black","label":"Black (white text)"},{"value":"white","label":"White (black text)"},{"value":"white-border","label":"White (black text with border)"}]}]},{"name":"Optimized Checkout","enable":"ucoEnabled","settings":[{"type":"heading","content":"Header"},{"type":"color","label":"Background color","id":"optimizedCheckout-header-backgroundColor"},{"type":"checkbox","label":"Use custom background","id":"optimizedCheckout-show-backgroundImage"},{"type":"optimizedCheckout-image","label":"1000 x 400px recommended","reference":"optimizedCheckout-show-backgroundImage","reference_default":false,"force_reload":true,"id":"optimizedCheckout-backgroundImage"},{"type":"imageDimension","description":"Please specify a maximum image size for desktop display. We'll automatically scale down the image for smaller devices.","label":"","reference":"optimizedCheckout-show-backgroundImage","reference_default":false,"id":"optimizedCheckout-backgroundImage-size","options":[{"value":"1000x400","label":"Optimized for theme"},{"value":"custom","label":"Specify dimensions"}]},{"type":"heading","content":"Logo"},{"type":"select","label":"Use custom logo","id":"optimizedCheckout-show-logo","options":[{"value":"none","label":"None"},{"value":"custom","label":"Custom"}]},{"type":"optimizedCheckout-image","label":"250 x 100px recommended","reference":"optimizedCheckout-show-logo","reference_default":"none","force_reload":true,"id":"optimizedCheckout-logo"},{"type":"imageDimension","description":"Please specify a maximum image size for desktop display. We'll automatically scale down the image for smaller devices.","label":"","reference":"optimizedCheckout-show-logo","reference_default":"none","force_reload":true,"id":"optimizedCheckout-logo-size","options":[{"value":"250x100","label":"Optimized for theme"},{"value":"custom","label":"Specify dimensions"}]},{"type":"select","label":"Position","id":"optimizedCheckout-logo-position","options":[{"value":"left","label":"Left"},{"value":"center","label":"Center"},{"value":"right","label":"Right"}]},{"type":"heading","content":"Discount Banner"},{"type":"color","label":"Background color","id":"optimizedCheckout-discountBanner-backgroundColor"},{"type":"color","label":"Text color","id":"optimizedCheckout-discountBanner-textColor"},{"type":"color","label":"Icon color","id":"optimizedCheckout-discountBanner-iconColor"},{"type":"heading","content":"Order summary"},{"type":"color","label":"Background color","id":"optimizedCheckout-orderSummary-backgroundColor"},{"type":"heading","content":"Checkout steps"},{"type":"color","label":"Background color","id":"optimizedCheckout-step-backgroundColor"},{"type":"color","label":"Text color","id":"optimizedCheckout-step-textColor"},{"type":"heading","content":"Primary headings"},{"type":"color","label":"Text color","id":"optimizedCheckout-headingPrimary-color"},{"type":"font","label":"Font family","id":"optimizedCheckout-headingPrimary-font","options":[{"group":"Open Sans","label":"Open Sans","value":"Google_Open+Sans_400"},{"group":"Open Sans","label":"Open Sans Bold","value":"Google_Open+Sans_700"},{"group":"Montserrat","label":"Montserrat","value":"Google_Montserrat_400"},{"group":"Karla","label":"Karla","value":"Google_Karla_400"},{"group":"Roboto","label":"Roboto","value":"Google_Roboto_400"},{"group":"Source Sans Pro","label":"Source Sans Pro","value":"Google_Source+Sans+Pro_400"},{"group":"Volkhov","label":"Volkhov","value":"Google_Volkhov_400"}]},{"type":"heading","content":"Secondary headings"},{"type":"color","label":"Text color","id":"optimizedCheckout-headingSecondary-color"},{"type":"font","label":"Font family","id":"optimizedCheckout-headingSecondary-font","options":[{"group":"Open Sans","label":"Open Sans","value":"Google_Open+Sans_400"},{"group":"Open Sans","label":"Open Sans Bold","value":"Google_Open+Sans_700"},{"group":"Montserrat","label":"Montserrat","value":"Google_Montserrat_400"},{"group":"Karla","label":"Karla","value":"Google_Karla_400"},{"group":"Roboto","label":"Roboto","value":"Google_Roboto_400"},{"group":"Source Sans Pro","label":"Source Sans Pro","value":"Google_Source+Sans+Pro_400"},{"group":"Volkhov","label":"Volkhov","value":"Google_Volkhov_400"}]},{"type":"heading","content":"Body"},{"type":"color","label":"Background color","id":"optimizedCheckout-body-backgroundColor"},{"type":"heading","content":"Primary content"},{"type":"color","label":"Text color","id":"optimizedCheckout-contentPrimary-color"},{"type":"font","label":"Font family","id":"optimizedCheckout-contentPrimary-font","options":[{"group":"Open Sans","label":"Open Sans","value":"Google_Open+Sans_400"},{"group":"Open Sans","label":"Open Sans Bold","value":"Google_Open+Sans_700"},{"group":"Montserrat","label":"Montserrat","value":"Google_Montserrat_400"},{"group":"Karla","label":"Karla","value":"Google_Karla_400"},{"group":"Roboto","label":"Roboto","value":"Google_Roboto_400"},{"group":"Source Sans Pro","label":"Source Sans Pro","value":"Google_Source+Sans+Pro_400"},{"group":"Volkhov","label":"Volkhov","value":"Google_Volkhov_400"}]},{"type":"heading","content":"Secondary content"},{"type":"color","label":"Text color","id":"optimizedCheckout-contentSecondary-color"},{"type":"font","label":"Font family","id":"optimizedCheckout-contentSecondary-font","options":[{"group":"Open Sans","label":"Open Sans","value":"Google_Open+Sans_400"},{"group":"Open Sans","label":"Open Sans Bold","value":"Google_Open+Sans_700"},{"group":"Montserrat","label":"Montserrat","value":"Google_Montserrat_400"},{"group":"Karla","label":"Karla","value":"Google_Karla_400"},{"group":"Roboto","label":"Roboto","value":"Google_Roboto_400"},{"group":"Source Sans Pro","label":"Source Sans Pro","value":"Google_Source+Sans+Pro_400"},{"group":"Volkhov","label":"Volkhov","value":"Google_Volkhov_400"}]},{"type":"heading","content":"Links"},{"type":"color","label":"Text Color","id":"optimizedCheckout-link-color"},{"type":"font","label":"Font family","id":"optimizedCheckout-link-font","options":[{"group":"Open Sans","label":"Open Sans","value":"Google_Open+Sans_400"},{"group":"Open Sans","label":"Open Sans Bold","value":"Google_Open+Sans_700"},{"group":"Montserrat","label":"Montserrat","value":"Google_Montserrat_400"},{"group":"Karla","label":"Karla","value":"Google_Karla_400"},{"group":"Roboto","label":"Roboto","value":"Google_Roboto_400"},{"group":"Source Sans Pro","label":"Source Sans Pro","value":"Google_Source+Sans+Pro_400"},{"group":"Volkhov","label":"Volkhov","value":"Google_Volkhov_400"}]},{"type":"heading","content":"Primary button"},{"type":"color","label":"Text color","id":"optimizedCheckout-buttonPrimary-color"},{"type":"color","label":"Text hover color","id":"optimizedCheckout-buttonPrimary-colorHover"},{"type":"color","label":"Background color","id":"optimizedCheckout-buttonPrimary-backgroundColor"},{"type":"color","label":"Background hover color","id":"optimizedCheckout-buttonPrimary-backgroundColorHover"},{"type":"color","label":"Border color","id":"optimizedCheckout-buttonPrimary-borderColor"},{"type":"color","label":"Border hover color","id":"optimizedCheckout-buttonPrimary-borderColorHover"},{"type":"font","label":"Font family","id":"optimizedCheckout-buttonPrimary-font","options":[{"group":"Open Sans","label":"Open Sans","value":"Google_Open+Sans_400"},{"group":"Open Sans","label":"Open Sans Bold","value":"Google_Open+Sans_700"},{"group":"Montserrat","label":"Montserrat","value":"Google_Montserrat_400"},{"group":"Karla","label":"Karla","value":"Google_Karla_400"},{"group":"Roboto","label":"Roboto","value":"Google_Roboto_400"},{"group":"Source Sans Pro","label":"Source Sans Pro","value":"Google_Source+Sans+Pro_400"},{"group":"Volkhov","label":"Volkhov","value":"Google_Volkhov_400"}]},{"type":"heading","content":"Secondary button"},{"type":"color","label":"Text color","id":"optimizedCheckout-buttonSecondary-color"},{"type":"color","label":"Background color","id":"optimizedCheckout-buttonSecondary-backgroundColor"},{"type":"color","label":"Border color","id":"optimizedCheckout-buttonSecondary-borderColor"},{"type":"font","label":"Font family","id":"optimizedCheckout-buttonSecondary-font","options":[{"group":"Open Sans","label":"Open Sans","value":"Google_Open+Sans_400"},{"group":"Open Sans","label":"Open Sans Bold","value":"Google_Open+Sans_700"},{"group":"Montserrat","label":"Montserrat","value":"Google_Montserrat_400"},{"group":"Karla","label":"Karla","value":"Google_Karla_400"},{"group":"Roboto","label":"Roboto","value":"Google_Roboto_400"},{"group":"Source Sans Pro","label":"Source Sans Pro","value":"Google_Source+Sans+Pro_400"},{"group":"Volkhov","label":"Volkhov","value":"Google_Volkhov_400"}]},{"type":"heading","content":"Form inputs"},{"type":"color","label":"Border Color","id":"optimizedCheckout-formField-borderColor"},{"type":"select","label":"Background Color","id":"optimizedCheckout-formField-backgroundColor","options":[{"value":"white","label":"White"},{"value":"transparent","label":"Transparent"}]}]}]