{"pages/unavailable/maintenance":"{{#partial \"page\"}}\n\n  <section class=\"layout-block\">\n\n    <div class=\"page-header\">\n      <figure class=\"page-header-logo centered\">\n        {{#if settings.store_logo.image.data}}\n          <img src=\"{{getImage settings.store_logo.image 'account-logo'}}\" alt=\"{{settings.store_logo.image.alt}}\">\n        {{/if}}\n      </figure>\n      <h1 class=\"page-title centered\">\n        {{lang 'core.unavailable.maintenance_heading'}}\n      </h1>\n    </div>\n\n    <div class=\"page-container\">\n      <div class=\"page-content centered\">\n        <p class=\"maintenance-message\">\n          {{#if settings.maintenance.message}}\n            {{{settings.maintenance.message}}}\n          {{else}}\n            {{> components/alerts/alert-error (lang 'core.unavailable.maintenance_message')}}\n          {{/if}}\n        </p>\n      </div>\n    </div>\n\n  </section>\n\n{{/partial}}\n\n{{> layout/unavailable}}\n","components/alerts/alert-error":"<div class=\"alert alert-error\">\n  {{{this}}}\n</div>\n","layout/unavailable":"<!doctype html>\n<!--[if IE 8]><html class=\"no-js ie8 lt-ie10 lt-ie9\" lang=\"en\"> <![endif]-->\n<!--[if IE 9 ]><html class=\"no-js ie9 lt-ie10\"> <![endif]-->\n<!--[if (gt IE 9)|!(IE)]><!--> <html class=\"no-js\"> <!--<![endif]-->\n<head>\n  <script>document.documentElement.className = document.documentElement.className.replace(/\\bno-js\\b/,'js');</script>\n  <meta charset=\"utf-8\">\n  <meta http-equiv=\"X-UA-Compatible\" content=\"IE=edge,chrome=1\">\n  <meta name=\"viewport\" content=\"width=device-width, height=device-height, initial-scale=1, maximum-scale=1\">\n\n  {{{head.meta_tags}}}\n\n  <title>{{head.title}}</title>\n\n  {{{head.config}}}\n\n  <link href=\"{{head.favicon}}\" rel=\"shortcut icon\">\n\n  <style type=\"text/css\">\n    @font-face {\n      font-family: \"form-icons\";\n      src: url({{cdn \"assets/fonts/form-icons.eot\"}});\n      src: url({{cdn \"assets/fonts/form-icons.woff\"}}) format(\"woff\");\n      font-weight: normal;\n      font-style: normal;\n    }\n  </style>\n\n  {{{stylesheet '/assets/css/theme.css'}}}\n\n  {{getFontsCollection}}\n\n  {{{head.scripts}}}\n  {{{head.rsslinks}}}\n\n  {{> components/common/theme-object}}\n  {{> components/global-injects}}\n  {{{snippet 'html_head'}}}\n</head>\n<body>\n  {{#block \"page\"}}{{/block}}\n</body>\n</html>\n","components/common/theme-object":"<script>\n  Theme = {};\n\n  Theme.version = '1.1.12';\n  Theme.shopName = '{{settings.store_name}}';\n\n  Theme.carousel = {\n    delay: '{{carousel.swap_frequency}}'\n  };\n\n  Theme.localization = {\n    cart: {\n      outOfStock: '{{lang \"cart.out_of_stock\"}}',\n      errorMessageGeneral: '{{lang \"cart.error\"}}',\n      itemsInCart: '{{lang \"header.view_cart\"}}'\n    },\n    product: {\n      addSuccess: '{{lang \"product.success\"}}',\n      outOfStock: '{{lang \"product.error_message_stock\"}}',\n      zeroQuantity: '{{lang \"product.error_zero_quantity\"}}',\n      errorMessageGeneral: '{{lang \"product.error_message_general\"}}',\n      cartLink: '{{lang \"product.cart_link\"}}',\n      homeLink: '{{lang \"product.home_link\"}}',\n      checkoutLink: '{{lang \"product.checkout_link\"}}',\n      addToCart: '{{lang \"product.add_to_cart\"}}',\n      preOrder: '{{lang \"product.pre_order\"}}',\n      soldOut: '{{lang \"product.sold_out\"}}'\n    },\n    urls: {\n      cart: '{{urls.cart}}',\n      checkout: '{{urls.checkout.single_address}}'\n    }\n  }\n\n  Theme.messages = {\n    cart: {\n      \"remove_item\": \"{{lang 'cart.checkout.remove_confirm'}}\"\n    },\n    contact_us_errors: {\n      \"email\": \"{{lang 'forms.contact_us.errors.email'}}\",\n      \"message\": \"{{lang 'forms.contact_us.errors.message'}}\"\n    }\n  }\n</script>\n","components/global-injects":"{{!-- form validation --}}\n{{inject 'required' (lang 'common.required')}}\n{{inject 'validationRequired' (lang 'forms.validation.required')}}\n{{inject 'validationEmail' (lang 'forms.validation.email')}}\n{{inject 'validationPhone' (lang 'forms.validation.phone')}}\n{{inject 'validationRating' (lang 'forms.validation.rating')}}\n{{inject 'validationChooseTheme' (lang 'forms.validation.choose_theme')}}\n{{inject 'validationNumberRange' (lang 'forms.validation.number_range')}}\n{{inject 'validationNumber' (lang 'forms.validation.number')}}\n{{inject 'validationNumMax' (lang 'forms.validation.num_max')}}\n{{inject 'validationNumMin' (lang 'forms.validation.num_min')}}\n{{inject 'validationNumRange' (lang 'forms.validation.num_range')}}\n{{inject 'validationMaxLength' (lang 'forms.validation.max_length')}}\n{{inject 'validationMinLength' (lang 'forms.validation.min_length')}}\n{{inject 'validationMaxChecked' (lang 'forms.validation.max_checked')}}\n{{inject 'validationMinChecked' (lang 'forms.validation.min_checked')}}\n{{inject 'validationMaxSelected' (lang 'forms.validation.max_selected')}}\n{{inject 'validationMinSelected' (lang 'forms.validation.min_selected')}}\n{{inject 'validationNotEqual' (lang 'forms.validation.not_equal')}}\n{{inject 'validationDifferent' (lang 'forms.validation.different')}}\n\n{{!-- shipping estimator validation --}}\n{{inject 'validationCountry' (lang 'forms.validation.country')}}\n{{inject 'validationState' (lang 'forms.validation.state')}}\n{{inject 'validationStateProvince' (lang 'cart.shipping_estimator.select_a_state')}}\n\n{{!-- product --}}\n{{inject 'addSuccess' (lang 'product.success')}}\n{{inject 'priceYouSave' (lang 'product.you_save')}}\n{{inject 'includingTax' (lang 'product.including_tax')}}\n{{inject 'excludingTax' (lang 'product.excluding_tax')}}\n{{inject 'chooseFile' (lang 'product.choose_file')}}\n{{inject 'addToCart' (lang 'product.add_to_cart')}}\n{{inject 'cartLink' (lang 'product.cart_link')}}\n{{inject 'checkoutLink' (lang 'product.checkout_link')}}\n{{inject 'homeLink' (lang 'product.home_link')}}\n{{inject 'preOrder' (lang 'product.pre_order')}}\n{{inject 'soldOut' (lang 'product.sold_out')}}\n{{inject 'urlsCart' urls.cart}}\n{{inject 'urlsCheckout' urls.checkout.single_address}}\n\n{{!-- theme image sizes --}}\n{{inject 'themeImageSizes' theme_settings._images}}\n\n{{!-- base url --}}\n{{inject 'baseUrl' settings.secure_host}}\n{{inject 'swapFrequency' carousel.swap_frequency}}\n"}