{"core/structured-data/product-reviews":"{{!-- Product Reviews: include in product.html page template --}}\n\n{{#if settings.show_product_reviews}}\n  {{#each product.reviews.list}}\n    <script type=\"application/ld+json\">\n      {\n        \"@context\": \"http://schema.org/\",\n        \"@type\": \"Review\",\n        \"itemReviewed\": {\n          \"@type\": \"Product\",\n          \"image\": \"{{getImage ../product.main_image}}\",\n          \"name\": \"{{../product.title}}\"\n        },\n        \"reviewRating\": {\n          \"@type\": \"Rating\",\n          \"ratingValue\": \"{{rating}}\"\n        },\n        \"name\": \"{{title}}\",\n        \"author\": {\n          \"@type\": \"Person\",\n          \"name\": \"{{name}}\"\n        },\n        \"reviewBody\": \"{{text}}\",\n        \"publisher\": {\n          \"@type\": \"Organization\",\n          \"name\": \"{{../settings.store_name}}\"\n        }\n      }\n    </script>\n  {{/each}}\n{{/if}}\n"}