{"components/category/filters":"{{#if category.faceted_search_enabled}}\n\n  <a href=\"#\" class=\"button button-alt faceted-sidebar-toggle\">{{lang 'search.faceted.toggle_filters'}}</a>\n\n  {{#if category.selected.items.length}}\n    {{> components/faceted-search/facet-selected category.selected}}\n  {{/if }}\n\n  {{> components/faceted-search/facet-inputs facets=category.facets}}\n{{/if }}\n","components/faceted-search/facet-selected":"<div class=\"facet-selected-filters\">\n  <ul class=\"selected-filter-items\">\n    {{#each items}}\n      <li>\n        <a href=\"{{url}}\" title=\"{{title}}\" class=\"selected-filter-item\" rel=\"nofollow\" data-faceted-search-facet>\n          {{title}}\n          <span class=\"remove\">&times;</span>\n        </a>\n      </li>\n    {{/each}}\n  </ul>\n\n  <a href=\"{{remove_all_url}}\" class=\"clear-all\" rel=\"nofollow\" data-faceted-search-facet>{{lang 'search.faceted.selected.clear_all'}}</a>\n</div>\n","components/faceted-search/facet-inputs":"<div class=\"faceted-search\">\n  {{#each facets}}\n    {{#if visible}}\n      {{#if items.length}}\n        <div class=\"faceted-search-filter filter-type-{{type}}\">\n          <h5 class=\"faceted-search-title\">{{ title }}</h5>\n          {{{dynamicComponent 'components/faceted-search/facets'}}}\n        </div>\n      {{/if}}\n\n      {{#compare facet 'price'}}\n        <div class=\"faceted-search-filter filter-type-{{type}}\">\n          <h5 class=\"faceted-search-title\">{{ title }}</h5>\n          {{{dynamicComponent 'components/faceted-search/facets'}}}\n        </div>\n      {{/compare}}\n    {{/if}}\n  {{/each}}\n</div>\n","components/faceted-search/facets/hierarchy":"\n<div data-facet-filter-wrapper class=\"facet-filter-wrapper {{#unless start_collapsed}}is-open{{/unless}}\">\n\n<ul class=\"faceted-search-filter-list {{#if selected }}is-open{{/if}} {{#unless start_collapsed }}is-open{{/unless}}\"\n    id=\"faceted-search-filter-list-{{#replace ' ' facet}}{{else}}{{facet}}{{/replace}}\"\n    data-count=\"{{items_count}}\"\n    data-facet=\"{{#replace ' ' facet}}{{else}}{{facet}}{{/replace}}\">\n  {{#each items}}\n    <li class=\"faceted-search-item {{#if has_sub_categories }}has-children{{/if}}\">\n      <a href=\"{{url}}\" rel=\"nofollow\" data-faceted-search-facet>\n        <input type=\"checkbox\" class=\"facet-checkbox\" {{#if selected}}checked{{/if}}>\n        <span class=\"faceted-search-item-label\">\n          {{title}}\n          {{#if ../show_product_counts}}<span class=\"faceted-search-item-count\">({{ count }})</span>{{/if}}\n        </span>\n      </a>\n    </li>\n  {{/each}}\n</ul>\n  {{#if show_more_toggle}}\n    <a href=\"#faceted-search-filter-list-{{#replace ' ' facet}}{{else}}{{facet}}{{/replace}}\"\n       role=\"button\"\n       class=\"toggleLink faceted-show-more-button\n       {{#unless start_collapsed}}is-open{{/unless}}\"\n       data-show-more-facets>\n\n      <span class=\"toggle-link-text toggle-link-text-off\">{{lang 'search.faceted.show_more'}}</span>\n      <span class=\"toggle-link-text toggle-link-text-on\">{{lang 'search.faceted.show_less'}}</span>\n    </a>\n  {{/if}}\n</div>\n","components/faceted-search/facets/range":"<form class=\"faceted-search-filter-list {{#if selected }}is-open{{/if}} {{#unless start_collapsed }}is-open{{/unless}}\" method=\"get\" data-faceted-search-range>\n  {{#each current_selected_items}}\n    <input type=\"hidden\" name=\"{{ param_name }}\" value=\"{{ param_value }}\"/>\n  {{/each}}\n\n  <div class=\"facet-range-input-group\">\n    <div class=\"facet-range-inputs\">\n      <div class=\"form-field faceted-search-range-min\">\n        <input\n          class=\"form-input\"\n          name=\"min_price\"\n          min=\"0\"\n          type=\"number\"\n          value=\"{{ min_price }}\"\n          placeholder=\"{{ lang 'category.sidebar.min_price'}}\"\n          required\n        />\n      </div>\n\n      <div class=\"form-field faceted-search-range-max\">\n        <input\n          class=\"form-input\"\n          name=\"max_price\"\n          min=\"0\"\n          type=\"number\"\n          value=\"{{ max_price }}\"\n          placeholder=\"{{ lang 'category.sidebar.max_price'}}\"\n          required\n        />\n      </div>\n    </div>\n\n    <input class=\"button button-primary button-small facet-submit\" type=\"submit\" value=\"{{lang 'category.sidebar.update'}}\">\n\n  </div>\n</form>\n","components/faceted-search/facets/multi":"<div data-facet-filter-wrapper class=\"facet-filter-wrapper {{#unless start_collapsed}}is-open{{/unless}}\">\n<ul class=\"faceted-search-filter-list {{#if selected }}is-open{{/if}} {{#unless start_collapsed }}is-open{{/unless}} {{#compare items_count total_items operator='<'}}has-additional-filters{{/compare}}\"\n    id=\"faceted-search-filter-list-{{#replace ' ' facet}}{{else}}{{facet}}{{/replace}}\"\n    data-count=\"{{items_count}}\" data-facet=\"{{facet}}\">\n  {{#each items}}\n    <li class=\"faceted-search-item {{#compare @index items_count operator='>='}}hidden{{/compare}}\">\n      <a href=\"{{url}}\" title=\"{{title}}\" rel=\"nofollow\" data-faceted-search-facet>\n        <input type=\"checkbox\" class=\"facet-checkbox\" {{#if selected}}checked{{/if}}>\n        <span class=\"faceted-search-item-label\">\n          {{title}}\n          {{#if ../show_product_counts}}<span class=\"faceted-search-item-count\">({{ count }})</span>{{/if}}\n        </span>\n      </a>\n    </li>\n  {{/each}}\n</ul>\n\n  {{#if show_more_toggle}}\n  <a href=\"#faceted-search-filter-list-{{#replace ' ' facet}}{{else}}{{facet}}{{/replace}}\" role=\"button\"\n     class=\"toggleLink faceted-show-more-button\n     {{#unless start_collapsed}}is-open{{/unless}}\"\n     data-show-more-facets>\n\n    <span class=\"toggle-link-text toggle-link-text-off\">{{lang 'search.faceted.show_more'}}</span>\n    <span class=\"toggle-link-text toggle-link-text-on\">{{lang 'search.faceted.show_less'}}</span>\n  </a>\n  {{/if}}\n</div>\n","components/faceted-search/facets/rating":"<ul class=\"faceted-search-filter-list {{#if selected }}is-open{{/if}} {{#unless start_collapsed }}is-open{{/unless}}\">\n  {{#each items}}\n    <li class=\"faceted-search-item\">\n      <a href=\"{{url}}\" title=\"{{lang 'product.reviews.stars_count' NUM=title}}\" rel=\"nofollow\" data-faceted-search-facet>\n\n        <input type=\"checkbox\" class=\"facet-checkbox\" {{#if selected}}checked{{/if}}>\n\n        <span class=\"faceted-search-item-label facet-rating\">\n\n          {{#if title '==' '1'}}\n            <span class=\"star icon-star checked\"></span>\n            <span class=\"star icon-star\"></span>\n            <span class=\"star icon-star\"></span>\n            <span class=\"star icon-star\"></span>\n            <span class=\"star icon-star\"></span>\n          {{/if}}\n\n          {{#if title '==' '2'}}\n            <span class=\"star icon-star checked\"></span>\n            <span class=\"star icon-star checked\"></span>\n            <span class=\"star icon-star\"></span>\n            <span class=\"star icon-star\"></span>\n            <span class=\"star icon-star\"></span>\n          {{/if}}\n\n          {{#if title '==' '3'}}\n            <span class=\"star icon-star checked\"></span>\n            <span class=\"star icon-star checked\"></span>\n            <span class=\"star icon-star checked\"></span>\n            <span class=\"star icon-star\"></span>\n            <span class=\"star icon-star\"></span>\n          {{/if}}\n\n          {{#if title '==' '4'}}\n            <span class=\"star icon-star checked\"></span>\n            <span class=\"star icon-star checked\"></span>\n            <span class=\"star icon-star checked\"></span>\n            <span class=\"star icon-star checked\"></span>\n            <span class=\"star icon-star\"></span>\n          {{/if}}\n\n          {{#if title '==' '5'}}\n            <span class=\"star icon-star checked\"></span>\n            <span class=\"star icon-star checked\"></span>\n            <span class=\"star icon-star checked\"></span>\n            <span class=\"star icon-star checked\"></span>\n            <span class=\"star icon-star checked\"></span>\n          {{/if}}\n\n          {{#if ../show_product_counts}}<span class=\"faceted-search-item-count\">({{ count }})</span>{{/if}}\n\n        </span>\n\n      </a>\n    </li>\n  {{/each}}\n</ul>\n"}