{"components/brand/product-index":"{{> components/products/grid\n  products=brand.products\n  rowcount=theme_settings.products_per_row\n  show_compare=brand.show_compare\n  quickshop=theme_settings.show_quick_shop\n  crop=theme_settings.grid_aspect_ratio}}\n\n{{#if pagination.brand.links.length}}\n  {{> components/common/pagination pagination.brand}}\n{{/if}}\n\n<div class=\"progress-overlay\">\n  <div class=\"inner\">\n    {{> components/common/spinner}}\n  </div>\n</div>\n","components/products/grid":"<form action=\"/compare\" class=\"product-grid-list-items {{#if show_compare}}compare-enabled{{/if}} {{#if quickshop}}quickshop-enabled{{/if}} {{rowcount}}\" method=\"POST\" data-product-compare>\n  {{#unless products.length}}\n    <div class=\"page-container\">\n      <div class=\"product-grid-no-results\">\n        {{> core/alerts/alert-info (lang 'products.no_products')}}\n      </div>\n    </div>\n  {{/unless}}\n\n  {{#each products}}\n    {{> components/products/product-item\n      show_compare=../show_compare\n      crop=../crop\n      as_low_as=../theme_settings.price_as_low_as\n    }}\n  {{/each}}\n\n  {{#if show_compare}}\n    <div class=\"compare-tab\" id=\"compare-tab\">\n      <h5 class=\"item-limit\">{{lang 'compare.compare_up_to_x_items' num=4}}</h5>\n      <ul class=\"compare-items-list\" id=\"compare-items-wrapper\"></ul>\n      <div class=\"compare-tab-actions\">\n        <input type=\"submit\" value=\"{{lang 'compare.compare_submit'}}\" class=\"button compare-submit\">\n        <a href=\"#\" class=\"button button-alt clear-compare\">{{lang 'compare.clear_compare' num=4}}</a>\n      </div>\n    </div>\n  {{/if}}\n</form>\n","components/common/pagination":"<div class=\"pagination-container\">\n  <div class=\"pagination\">\n    {{#if previous}}\n      <a class=\"pagination-item previous\" href=\"{{previous}}\" rel=\"nofollow\" data-faceted-search-facet>\n        <i class=\"icon-arrow-left\" aria-hidden=\"true\"></i>\n        {{lang 'common.pagination.previous'}}\n      </a>\n    {{/if}}\n\n    <output class=\"pagination-count\">\n      {{#if links.length '>' 1}}\n        {{#each links}}\n          {{#if number '===' ../current}}\n            <span class=\"pagination-number pagination-current\"><a href=\"{{url}}\">{{number}}</a></span>\n          {{else}}\n            <span class=\"pagination-number\"><a href=\"{{url}}\">{{number}}</a></span>\n          {{/if}}\n        {{/each}}\n      {{else}}\n        <span class=\"pagination-number pagination-current\">1</span>\n      {{/if}}\n    </output>\n\n    {{#if next}}\n      <a class=\"pagination-item next\" href=\"{{next}}\" rel=\"nofollow\" data-faceted-search-facet>\n        {{lang 'common.pagination.next'}}\n        <i class=\"icon-arrow-right\" aria-hidden=\"true\"></i>\n      </a>\n    {{/if}}\n  </div>\n</div>\n","components/common/spinner":"<div class=\"spinner\">\n  <div class=\"spinner-circle1 spinner-circle\"></div>\n  <div class=\"spinner-circle2 spinner-circle\"></div>\n  <div class=\"spinner-circle3 spinner-circle\"></div>\n  <div class=\"spinner-circle4 spinner-circle\"></div>\n  <div class=\"spinner-circle5 spinner-circle\"></div>\n  <div class=\"spinner-circle6 spinner-circle\"></div>\n  <div class=\"spinner-circle7 spinner-circle\"></div>\n  <div class=\"spinner-circle8 spinner-circle\"></div>\n  <div class=\"spinner-circle9 spinner-circle\"></div>\n  <div class=\"spinner-circle10 spinner-circle\"></div>\n  <div class=\"spinner-circle11 spinner-circle\"></div>\n  <div class=\"spinner-circle12 spinner-circle\"></div>\n</div>\n","core/alerts/alert-info":"<div class=\"alert alert-info\">\n  {{#if dismissable}}<a class=\"alert-dismiss\">&times;</a>{{/if}}\n\n  <div class=\"alert-message\">\n    {{#if message}}\n      {{{message}}}\n    {{else}}\n      {{{this}}}\n    {{/if}}\n  </div>\n</div>\n","components/products/product-item":"<article class=\"product-grid-item\">\n\n  <figure class=\"product-grid-item-thumbnail {{#if crop}}cropped-thumbnail aspect-{{crop}}{{/if}}\">\n    <a class=\"{{#if crop}}cropped-thumbnail-block{{/if}}\" href=\"{{url}}\" title=\"{{name}}\"\n      style=\"background-image:url({{#if image}}{{getImage image 'product_item'}}{{else}}{{cdn '/assets/icons/icon-no-image.svg'}}{{/if}});\">\n\n      {{#if image}}\n        <img src=\"{{getImage image 'product_item'}}\" alt=\"{{image.alt}}\">\n      {{else}}\n        <img src=\"{{cdn '/assets/icons/icon-no-image.svg'}}\" alt=\"{{lang 'product.no_image'}}\">\n      {{/if}}\n    </a>\n\n    {{#if settings.show_product_rating}}\n      {{#if rating}}\n        <div class=\"product-grid-item-rating-wrap\">\n          <div class=\"product-grid-item-rating\">\n            {{> components/products/ratings rating=rating size=\"medium\"}}\n          </div>\n        </div>\n      {{/if}}\n    {{/if}}\n\n    {{#if show_compare}}\n      <div class=\"product-item-compare\">\n        <div class=\"form-field form-field-inline form-field-checkbox\">\n          <div class=\"form-field-control\">\n            <label class=\"form-label\" for=\"compare-{{id}}\">\n              <input type=\"checkbox\" class=\"form-input form-checkbox\" name=\"products[]\" value=\"{{id}}\" id=\"compare-{{id}}\">\n              <span class=\"form-label-text\">{{lang \"products.compare\"}}</span>\n            </label>\n          </div>\n        </div>\n      </div>\n    {{/if}}\n\n    {{#if out_of_stock_message.length}}\n      <span class=\"product-grid-item-sale-badge\">{{out_of_stock_message}}</span>\n    {{else}}\n      {{#if price.saved}}\n        <span class=\"product-grid-item-sale-badge\">{{lang 'product.on_sale'}}</span>\n      {{/if}}\n    {{/if}}\n\n    <span class=\"quick-shop-trigger\" data-quick-shop-trigger=\"{{id}}\">{{lang 'product.quick_shop'}}</span>\n  </figure>\n\n  <div class=\"product-grid-item-details\">\n    <h3 class=\"product-item-title\">\n      <a href=\"{{url}}\" title=\"{{name}}\">\n        {{name}}\n      </a>\n    </h3>\n\n    <div class=\"product-grid-item-price\">\n      {{> components/products/price price=price}}\n    </div>\n  </div>\n\n</article>\n","components/products/ratings":"<div class=\"rating-stars stars-{{size}}\" aria-hidden=\"true\">\n  {{#enumerate 1 5}}\n    {{#compare ../rating this operator='>='}}\n      <span class=\"icon-star star\"></span>\n    {{else}}\n      <span class=\"icon-star star star-empty\"></span>\n    {{/compare}}\n  {{/enumerate}}\n</div>\n","components/products/price":"<div class=\"product-price\" itemprop=\"offers\" itemscope itemtype=\"http://schema.org/Offer\">\n  {{# if price}}\n    {{#or has_options product.options.length}}\n      {{#if price.with_tax}}\n\n        {{#if schema_org}}\n          <meta itemprop=\"priceCurrency\" content=\"{{currency_selector.active_currency_code}}\">\n\n          {{#if price.without_tax}}\n            <meta itemprop=\"price\" content=\"{{price.without_tax.value}}\">\n          {{else}}\n            <meta itemprop=\"price\" content=\"{{price.with_tax.value}}\">\n          {{/if}}\n        {{/if}}\n\n        {{#if page_type '!==' 'product'}}\n          {{#if as_low_as}}\n            <span class=\"pricing-as-low-as\">{{lang 'product.as_low_as_price_message'}}</span>\n          {{/if}}\n        {{/if}}\n\n        <span class=\"price-with-tax\">\n          <span data-product-price-wrapper=\"with-tax\">\n            <span data-product-price>\n              {{price.with_tax.formatted}}\n            </span>\n\n            {{#if price.saved}}\n              <span class=\"price-rrp\" data-product-rrp>\n                {{price.rrp_with_tax.formatted}}\n              </span>\n            {{/if}}\n          </span>\n\n          {{#if price.without_tax}}\n            <span class=\"price-tax-label\">{{lang 'product.including_tax'}}</span>\n          {{/if}}\n        </span>\n      {{/if}}\n\n      {{#if price.without_tax}}\n\n        {{#if page_type '!==' 'product'}}\n          {{#if as_low_as}}\n            <span class=\"pricing-as-low-as\">{{lang 'product.as_low_as_price_message'}}</span>\n          {{/if}}\n        {{/if}}\n\n        <span class=\"price-without-tax\">\n          <span data-product-price-wrapper=\"without-tax\">\n            <span data-product-price>\n              {{price.without_tax.formatted}}\n            </span>\n\n            {{#if price.saved}}\n              <span class=\"price-rrp\" data-product-rrp>\n                {{price.rrp_without_tax.formatted}}\n              </span>\n            {{/if}}\n          </span>\n\n          {{#if price.with_tax}}\n            <span class=\"price-tax-label\">{{lang 'product.excluding_tax'}}</span>\n          {{/if}}\n        </span>\n      {{/if}}\n\n      {{#if show_savings}}\n        {{#if price.saved}}\n          <span class=\"price-saved\" data-product-price-saved>\n            ({{lang 'product.you_save'}} {{price.saved.formatted}})\n          </span>\n        {{/if}}\n      {{/if}}\n\n    {{else}}\n      {{#if price.with_tax}}\n        <span class=\"price-with-tax\">\n          <span data-product-price-wrapper=\"with-tax\">\n            <span data-product-price>\n              {{price.with_tax.formatted}}\n            </span>\n\n            {{#if price.saved}}\n              <span class=\"price-rrp\" data-product-rrp>\n                {{price.rrp_with_tax.formatted}}\n              </span>\n            {{/if}}\n          </span>\n\n          {{#if price.without_tax}}\n            <span class=\"price-tax-label\">{{lang 'product.including_tax'}}</span>\n          {{/if}}\n        </span>\n      {{/if}}\n\n      {{#if price.without_tax}}\n        <span class=\"price-without-tax\">\n          <span data-product-price-wrapper=\"without-tax\">\n            <span data-product-price>\n              {{price.without_tax.formatted}}\n            </span>\n\n            {{#if price.saved}}\n              <span class=\"price-rrp\" data-product-rrp>\n                {{price.rrp_without_tax.formatted}}\n              </span>\n            {{/if}}\n          </span>\n\n          {{#if price.with_tax}}\n            <span class=\"price-tax-label\">{{lang 'product.excluding_tax'}}</span>\n          {{/if}}\n        </span>\n      {{/if}}\n\n      {{#if show_savings}}\n        {{#if price.saved}}\n          <span class=\"price-saved\" data-product-price-saved>\n            ({{lang 'product.you_save'}} {{price.saved.formatted}})\n          </span>\n        {{/if}}\n      {{/if}}\n    {{/or}}\n  {{/if}}\n</div>\n"}