{"pages/account/orders/details":"{{#partial \"page\"}}\n\n  <header class=\"sub-header\">\n    {{> components/common/breadcrumbs breadcrumbs}}\n  </header>\n\n  <section class=\"layout-block\">\n\n    <div class=\"page-header\">\n      <h1 class=\"page-title\">\n        {{lang 'core.account.receipt.heading' number=order.id}}\n      </h1>\n    </div>\n\n    <div class=\"page-container account-container\">\n      <div class=\"page-content page-form account-form\">\n        {{> core/account/orders/details}}\n      </div>\n    </div>\n\n  </section>\n\n{{/partial}}\n\n{{> layout/base}}\n","components/common/breadcrumbs":"<ul class=\"breadcrumb-container\">\n  {{#each this}}\n    <li class=\"breadcrumb-item {{#if @last}}is-active{{/if}}\">\n      {{#if url}}\n        <a href=\"{{url}}\" class=\"breadcrumb-label\">{{name}}</a>\n      {{else}}\n        <span class=\"breadcrumb-label\">{{name}}</span>\n      {{/if}}\n    </li>\n  {{/each}}\n</ul>\n","core/account/orders/details":"{{!\n  Markup and styles related to this page use `receipt` instead of\n  `order-details`. Receipt is shorter and doesn't conflict with other \"details\"\n  sections.\n}}\n\n{{#partial 'account-heading'}}\n  {{lang 'core.account.receipt.heading' number=order.id}}\n{{/partial}}\n\n{{#partial 'account-toolbar'}}\n  <a class=\"account-tool\" href=\"{{order.invoice_url}}\" target=\"_blank\">{{lang 'core.account.receipt.actions.print_invoice'}}</a>\n\n  <form class=\"account-order-invoice\" action=\"{{order.reorder_url}}\" method=\"post\">\n    <input type=\"hidden\" name=\"orderid\" value=\"{{order.id}}\">\n    {{#each order.items}}\n      <input type=\"hidden\" name=\"reorderitem[{{order_product_id}}]\">\n    {{/each}}\n    <input class=\"account-tool\" type=\"submit\" value=\"{{lang 'core.account.receipt.actions.reorder_items'}}\">\n  </form>\n\n  {{#if order.is_complete}}\n    {{#if order.returns_enabled}}\n      <a href=\"{{order.return_url}}\" class=\"account-tool\">{{lang 'core.account.receipt.actions.return_items'}}</a>\n    {{/if}}\n  {{/if}}\n{{/partial}}\n\n{{#partial 'account-content'}}\n  {{! Summary }}\n  {{> core/account/_private/receipt-summary}}\n\n  {{! Comments }}\n  {{#if order.comments}}\n    <section class=\"account-receipt-comments account-card\">{{order.comments}}</section>\n  {{/if}}\n\n  {{! Shipments }}\n  {{> core/account/_private/receipt-shipments}}\n\n  {{! Products }}\n  {{> core/account/_private/receipt-items}}\n\n  {{! Totals }}\n  <div class=\"account-receipt-totals\">\n    {{#each order.total_rows}}\n      {{#if value.value}}\n        <div class=\"account-receipt-total\">\n          <div class=\"account-receipt-total-title\">{{label}}</div>\n          <div class=\"account-receipt-total-value\">{{value.formatted}}</div>\n        </div>\n      {{/if}}\n    {{/each}}\n  </div>\n{{/partial}}\n\n{{> core/account/_private/layout nav_page='orders' class='orders-receipt'}}\n","layout/base":"<!doctype html>\n<html class=\"no-js\" lang=\"{{ locale_name }}\">\n\n<head>\n  <script>document.documentElement.className = document.documentElement.className.replace(/\\bno-js\\b/,'js');</script>\n  <meta charset=\"utf-8\">\n  <meta http-equiv=\"X-UA-Compatible\" content=\"IE=edge,chrome=1\">\n  <meta name=\"viewport\" content=\"width=device-width, height=device-height, initial-scale=1, maximum-scale=1\">\n  <script src=\"//js.maxmind.com/js/apis/geoip2/v2.1/geoip2.js\" type=\"text/javascript\"></script>\n\n  {{{head.meta_tags}}}\n\n  <title>{{head.title}}</title>\n\n  {{{head.config}}}\n\n  <link href=\"{{head.favicon}}\" rel=\"shortcut icon\">\n\n  <style type=\"text/css\">\n    @font-face {\n      font-family: \"form-icons\";\n      src: url({{cdn \"assets/fonts/form-icons.eot\"}});\n      src: url({{cdn \"assets/fonts/form-icons.woff\"}}) format(\"woff\");\n      font-weight: normal;\n      font-style: normal;\n    }\n  </style>\n\n  {{{stylesheet '/assets/css/theme.css'}}}\n\n  {{getFontsCollection}}\n\n  {{{head.scripts}}}\n  {{{head.rsslinks}}}\n\n  {{> components/common/theme-object}}\n  {{> components/global-injects}}\n  {{{snippet 'html_head'}}}\n\n  {{> core/structured-data/website}}\n</head>\n\n<body class=\"{{> components/body-classes}} mobile-nav-closed\" data-currency-token=\"{{settings.money.currency_token}}\" data-currency-location=\"{{settings.money.currency_location}}\">\n\n  {{#if page_type '===' 'product'}}\n    {{> components/common/facebook-like}}\n  {{else if page_type '===' 'blog'}}\n    {{> components/common/facebook-like}}\n  {{else if page_type '===' 'blog_post'}}\n    {{> components/common/facebook-like}}\n  {{/if}}\n\n  {{#if theme_settings.show_quick_shop}}\n    <div class=\"quick-shop-wrapper\" data-quick-shop-wrapper>\n      <div class=\"quick-shop\" data-quick-shop></div>\n      {{> components/common/spinner}}\n    </div>\n  {{/if}}\n\n  {{> components/header-banners}}\n\n  {{#if theme_settings.header_layout '===' 'left-aligned'}}\n    {{> components/header}}\n  {{else}}\n    {{> components/header-alternate}}\n  {{/if}}\n\n  <div class=\"main-content\">\n    {{#block \"page\"}}{{/block}}\n  </div>\n\n  {{#if banners.bottom}}\n    <section class=\"page-banner page-banner-bottom\">\n      {{#each banners.bottom}}\n        <div class=\"page-banner-inner\">\n          <div class=\"banner rte\">\n            {{{this}}}\n          </div>\n        </div>\n      {{/each}}\n    </section>\n  {{/if}}\n\n  {{> components/footer}}\n\n  {{> core/structured-data/breadcrumbs}}\n\n  <script src=\"{{cdn '/assets/js/bundle.js'}}\"></script>\n  <script>\n    // Exported in app.js\n    window.stencilBootstrap(\"{{template_file}}\", {{jsContext}}).load();\n  </script>\n\n  {{{footer.scripts}}}\n  {{{snippet 'footer'}}}\n</body>\n</html>\n","core/account/_private/receipt-summary":"<div class=\"account-receipt-summaries\">\n  {{#if order.shipping_address}}\n    <div class=\"account-receipt-summary\">\n      <h2 class=\"account-receipt-summary-title\">{{lang 'core.account.receipt.shipping_title'}}</h2>\n      <ul class=\"account-receipt-summary-address\">\n        <li>{{order.shipping_address.full_name}}</li>\n        <li>{{order.shipping_address.company}}</li>\n        <li>{{order.shipping_address.address_lines.[0]}}</li>\n        <li>{{order.shipping_address.address_lines.[1]}}</li>\n        <li>\n          {{order.shipping_address.city}},\n          {{order.shipping_address.state}}\n          {{order.shipping_address.zip}}\n        </li>\n        <li>{{order.shipping_address.country}}</li>\n      </ul>\n    </div>\n  {{else}}\n    {{#if order.has_multiple_shipping_addresses}}\n      <div class=\"account-receipt-summary\">\n        <h2 class=\"account-receipt-summary-title\">{{lang 'core.account.receipt.shipping_title'}}</h2>\n        <div class=\"account-receipt-summary-address\">\n          {{lang 'core.account.receipt.ship_to_multi_text'}}\n        </div>\n      </section>\n    {{/if}}\n  {{/if}}\n\n  <div class=\"account-receipt-summary\">\n    <h2 class=\"account-receipt-summary-title\">\n      {{lang 'core.account.receipt.billing_title'}}\n    </h2>\n    <ul class=\"account-receipt-summary-address\">\n      <li>{{order.billing_address.full_name}}</li>\n      <li>{{order.billing_address.company}}</li>\n      <li>{{order.billing_address.address_lines.[0]}}</li>\n      <li>{{order.billing_address.address_lines.[1]}}</li>\n      <li>\n        {{order.billing_address.city}},\n        {{order.billing_address.state}}\n        {{order.billing_address.zip}}\n      </li>\n      <li>{{order.billing_address.country}}</li>\n    </ul>\n  </div>\n\n  <div class=\"account-receipt-summary\">\n    <span class=\"account-status\">{{order.status_text}}</span>\n\n    <div class=\"account-item-details\">\n      <div class=\"account-item-detail\">\n        <span class=\"account-item-detail-title\">{{lang 'core.account.orders.items.placed'}}</span>\n        <span class=\"account-item-detail-value\">{{order.date}}</span>\n      </div>\n\n      {{#if order.date '!==' order.last_updated}}\n        <div class=\"account-item-detail\">\n          <span class=\"account-item-detail-title\">{{lang 'core.account.orders.items.updated'}}</span>\n          <span class=\"account-item-detail-value\">{{order.last_updated}}</span>\n        </div>\n      {{/if}}\n    </div>\n  </div>\n</div>\n","core/account/_private/receipt-shipments":"{{#if shipments}}\n  <section class=\"account-shipments\">\n    <h2 class=\"account-sub-heading\">{{lang 'core.account.receipt.shipments.title'}}</h2>\n\n    <table class=\"table-clean account-shipments-table\">\n      <tr>\n        <th>{{lang 'core.account.receipt.shipments.date'}}</th>\n        <th>{{lang 'core.account.receipt.shipments.provider'}}</th>\n        <th>{{lang 'core.account.receipt.shipments.link'}}</th>\n      </tr>\n      {{#each shipments}}\n        <tr>\n          <td>{{date_shipped}}</td>\n          <td>{{shipping_provider}}</td>\n          <td>\n            {{#if shipping_track.url}}\n              <a href=\"{{shipping_track.url}}\">\n            {{/if}}\n\n            {{#if show_shipping_method}}\n              {{shipping_track.number}} &mdash; {{shipping_method}}\n            {{else}}\n              {{shipping_track.number}}\n            {{/if}}\n\n            {{#if shipping_track.url}}\n              </a>\n            {{/if}}\n          </td>\n        </tr>\n      {{/each}}\n    </table>\n  </section>\n{{/if}}\n","core/account/_private/receipt-items":"{{#if order.items}}\n  <div class=\"account-items account-receipt-items\">\n    <h2 class=\"account-sub-heading\">{{lang 'core.account.receipt.items.title'}}</h2>\n\n    {{#each order.items}}\n      <article class=\"account-item\">\n        <div class=\"account-item-thumbnail\">\n          {{#if type '===' 'giftcertificate'}}\n            <img src=\"{{cdn ../../theme_settings.default_image_gift_certificate}}\">\n          {{else}}\n            <img src=\"{{getImage image 'account-product-thumbnail' (cdn ../../theme_settings.default_image)}}\" alt=\"{{image.alt}}\">\n          {{/if}}\n        </div>\n\n        <div class=\"account-item-body\">\n          <h1 class=\"account-item-title\">\n            {{lang 'core.account.receipt.items.product_title' name=name quantity=quantity}}\n          </h1>\n\n          <div class=\"account-item-description\">\n            {{#if brand}}\n              <div class=\"account-receipt-item-brand\">{{brand.name}}</div>\n            {{/if}}\n\n            {{#if download_url}}\n              {{#unless refunded}}\n                <a class=\"button account-button-primary account-button-small account-receipt-download\" href=\"{{download_url}}\">{{lang 'core.account.receipt.items.download'}}</a>\n              {{/unless}}\n            {{/if}}\n          </div>\n\n          <div class=\"account-item-details\">\n            {{#if options}}\n              <div class=\"account-item-detail\">\n                <h2 class=\"account-item-detail-title\">{{lang 'core.account.receipt.items.options'}}</h2>\n                <div class=\"account-item-detail-value account-receipt-item-options\">\n                  {{#each options}}\n                    <div class=\"account-receipt-item-option\">\n                      <span class=\"account-receipt-option-name\">{{name}}:</span>\n                      <span class=\"account-receipt-option-value\">{{value}}</span>\n                    </div>\n                  {{/each}}\n                </div>\n              </div>\n            {{/if}}\n\n            {{#if customizations}}\n              <div class=\"account-item-detail\">\n                <h2 class=\"account-item-detail-title\">{{lang 'core.account.receipt.items.customizations'}}</h2>\n                <div class=\"account-item-detail-value account-receipt-item-options\">\n                  {{#each customizations}}\n                    <div class=\"account-receipt-item-option\">\n                      <span class=\"account-receipt-option-name\">{{name}}:</span>\n                      <span class=\"account-receipt-option-value\">{{value}}</span>\n                    </div>\n                  {{/each}}\n                </div>\n              </div>\n            {{/if}}\n          </div>\n\n          <div class=\"account-item-details\">\n            {{#if gift_wrapping_name}}\n              <div class=\"account-item-detail\">\n                <h2 class=\"account-item-detail-title\">{{lang 'core.account.receipt.items.gift_wrapping'}}</h2>\n                <span class=\"account-item-detail-value\">{{gift_wrapping_name}}</span>\n              </div>\n            {{/if}}\n\n            {{#if refunded}}\n              <div class=\"account-item-detail\">\n                <span class=\"account-item-detail-title\">{{lang 'core.account.receipt.items.refunded'}}</span>\n                <span class=\"account-item-detail-value\">{{refunded_qty}}</span>\n              </div>\n            {{else}}\n              {{#if refunded_qty}}\n                <div class=\"account-item-detail\">\n                  <span class=\"account-item-detail-title\">{{lang 'core.account.receipt.items.refunded'}}</span>\n                  <span class=\"account-item-detail-value\">{{refunded_qty}}</span>\n                </div>\n              {{/if}}\n            {{/if}}\n\n            {{#unless show_reorder}}\n              <div class=\"account-item-detail\">\n                <span class=\"account-item-detail-title\">{{lang 'core.account.receipt.items.reorder'}}</span>\n                <span class=\"account-item-detail-value\">{{{reorder_message}}}</span>\n              </div>\n            {{/unless}}\n          </div>\n        </div>\n\n        <div class=\"account-item-badge\">{{total.formatted}}</div>\n      </article>\n    {{/each}}\n  </div>\n{{/if}}\n","core/account/_private/layout":"{{!\n  A wrapper for all account pages.\n\n  @block account-heading\n         The page's title.\n\n  @block account-content\n         The content for the main part of the layout.\n\n  @param class string\n         A name for the current page, added as a class to the account wrapper.\n\n  @param nav string\n         If \"hidden\", no nav will be shown.\n\n  @param nav_page string\n         If matches a string in navigation.html, that link will be made active.\n\n  @param header string\n         If \"hidden\", no header will be shown.\n         If \"top\", header will be shown above the nav.\n         Otherwise, header will be shown above the content.\n}}\n<section class=\"account-wrapper account-page-{{class}}{{#if nav '===' 'hidden'}} account-nav-hidden{{/if}}\">\n  {{#if header '===' 'top'}}{{> core/account/_private/layout-heading}}{{/if}}\n\n  {{#if nav '!==' 'hidden'}}\n    {{> core/account/_private/navigation nav_page=nav_page}}\n  {{/if}}\n\n  <div class=\"account-body\">\n    {{#unless header}}{{> core/account/_private/layout-heading}}{{/unless}}\n\n    <div class=\"account-content\">\n      {{#block 'account-content'}}{{/block}}\n    </div>\n  </div>\n</section>\n","components/common/theme-object":"<script>\n  Theme = {};\n\n  Theme.version = '1.1.12';\n  Theme.shopName = '{{settings.store_name}}';\n\n  Theme.carousel = {\n    delay: '{{carousel.swap_frequency}}'\n  };\n\n  Theme.localization = {\n    cart: {\n      outOfStock: '{{lang \"cart.out_of_stock\"}}',\n      errorMessageGeneral: '{{lang \"cart.error\"}}',\n      itemsInCart: '{{lang \"header.view_cart\"}}'\n    },\n    product: {\n      addSuccess: '{{lang \"product.success\"}}',\n      outOfStock: '{{lang \"product.error_message_stock\"}}',\n      zeroQuantity: '{{lang \"product.error_zero_quantity\"}}',\n      errorMessageGeneral: '{{lang \"product.error_message_general\"}}',\n      cartLink: '{{lang \"product.cart_link\"}}',\n      homeLink: '{{lang \"product.home_link\"}}',\n      checkoutLink: '{{lang \"product.checkout_link\"}}',\n      addToCart: '{{lang \"product.add_to_cart\"}}',\n      preOrder: '{{lang \"product.pre_order\"}}',\n      soldOut: '{{lang \"product.sold_out\"}}'\n    },\n    urls: {\n      cart: '{{urls.cart}}',\n      checkout: '{{urls.checkout.single_address}}'\n    }\n  }\n\n  Theme.messages = {\n    cart: {\n      \"remove_item\": \"{{lang 'cart.checkout.remove_confirm'}}\"\n    },\n    contact_us_errors: {\n      \"email\": \"{{lang 'forms.contact_us.errors.email'}}\",\n      \"message\": \"{{lang 'forms.contact_us.errors.message'}}\"\n    }\n  }\n</script>\n","components/global-injects":"{{!-- form validation --}}\n{{inject 'required' (lang 'common.required')}}\n{{inject 'validationRequired' (lang 'forms.validation.required')}}\n{{inject 'validationEmail' (lang 'forms.validation.email')}}\n{{inject 'validationPhone' (lang 'forms.validation.phone')}}\n{{inject 'validationRating' (lang 'forms.validation.rating')}}\n{{inject 'validationChooseTheme' (lang 'forms.validation.choose_theme')}}\n{{inject 'validationNumberRange' (lang 'forms.validation.number_range')}}\n{{inject 'validationNumber' (lang 'forms.validation.number')}}\n{{inject 'validationNumMax' (lang 'forms.validation.num_max')}}\n{{inject 'validationNumMin' (lang 'forms.validation.num_min')}}\n{{inject 'validationNumRange' (lang 'forms.validation.num_range')}}\n{{inject 'validationMaxLength' (lang 'forms.validation.max_length')}}\n{{inject 'validationMinLength' (lang 'forms.validation.min_length')}}\n{{inject 'validationMaxChecked' (lang 'forms.validation.max_checked')}}\n{{inject 'validationMinChecked' (lang 'forms.validation.min_checked')}}\n{{inject 'validationMaxSelected' (lang 'forms.validation.max_selected')}}\n{{inject 'validationMinSelected' (lang 'forms.validation.min_selected')}}\n{{inject 'validationNotEqual' (lang 'forms.validation.not_equal')}}\n{{inject 'validationDifferent' (lang 'forms.validation.different')}}\n\n{{!-- shipping estimator validation --}}\n{{inject 'validationCountry' (lang 'forms.validation.country')}}\n{{inject 'validationState' (lang 'forms.validation.state')}}\n{{inject 'validationStateProvince' (lang 'cart.shipping_estimator.select_a_state')}}\n\n{{!-- product --}}\n{{inject 'addSuccess' (lang 'product.success')}}\n{{inject 'priceYouSave' (lang 'product.you_save')}}\n{{inject 'includingTax' (lang 'product.including_tax')}}\n{{inject 'excludingTax' (lang 'product.excluding_tax')}}\n{{inject 'chooseFile' (lang 'product.choose_file')}}\n{{inject 'addToCart' (lang 'product.add_to_cart')}}\n{{inject 'cartLink' (lang 'product.cart_link')}}\n{{inject 'checkoutLink' (lang 'product.checkout_link')}}\n{{inject 'homeLink' (lang 'product.home_link')}}\n{{inject 'preOrder' (lang 'product.pre_order')}}\n{{inject 'soldOut' (lang 'product.sold_out')}}\n{{inject 'urlsCart' urls.cart}}\n{{inject 'urlsCheckout' urls.checkout.single_address}}\n\n{{!-- theme image sizes --}}\n{{inject 'themeImageSizes' theme_settings._images}}\n\n{{!-- base url --}}\n{{inject 'baseUrl' settings.secure_host}}\n{{inject 'swapFrequency' carousel.swap_frequency}}\n","core/structured-data/website":"{{!-- Website: include in base.html --}}\n\n<script type=\"application/ld+json\">\n  {\n    \"@context\": \"http://schema.org\",\n    \"@type\": \"WebSite\",\n    \"name\": \"{{settings.store_name}}\",\n    \"url\": \"{{urls.home}}\"\n  }\n</script>\n","components/body-classes":"template-{{page_type}}\n\n{{#if carousel.slides.length}}\n  has-carousel\n{{/if}}\n\n{{#if theme_settings.carousel-full-width}}\n  carousel-full-width\n{{/if}}\n\n{{#if banners.top}}\n  has-header-banner\n{{/if}}\n\n{{#if theme_settings.retina-logo}}\n  retina-logo\n{{/if}}\n\n{{#if theme_settings.banners_full_width}}\n  full-width-banners\n{{/if}}\n\n{{#unless in_production}}\n  dev-environment\n{{/unless}}\n","components/common/facebook-like":"{{#if settings.add_this}}\n  {{#each settings.add_this.buttons}}\n    {{#if service '===' 'facebook_like'}}\n      <div id=\"fb-root\"></div>\n      <script>(function(d, s, id) {\n        var js, fjs = d.getElementsByTagName(s)[0];\n        if (d.getElementById(id)) return;\n        js = d.createElement(s); js.id = id;\n        js.src = \"//connect.facebook.net/en_US/sdk.js#xfbml=1&version=v2.5\";\n        fjs.parentNode.insertBefore(js, fjs);\n      }(document, 'script', 'facebook-jssdk'));</script>\n    {{/if}}\n  {{/each}}\n{{/if}}\n","components/common/spinner":"<div class=\"spinner\">\n  <div class=\"spinner-circle1 spinner-circle\"></div>\n  <div class=\"spinner-circle2 spinner-circle\"></div>\n  <div class=\"spinner-circle3 spinner-circle\"></div>\n  <div class=\"spinner-circle4 spinner-circle\"></div>\n  <div class=\"spinner-circle5 spinner-circle\"></div>\n  <div class=\"spinner-circle6 spinner-circle\"></div>\n  <div class=\"spinner-circle7 spinner-circle\"></div>\n  <div class=\"spinner-circle8 spinner-circle\"></div>\n  <div class=\"spinner-circle9 spinner-circle\"></div>\n  <div class=\"spinner-circle10 spinner-circle\"></div>\n  <div class=\"spinner-circle11 spinner-circle\"></div>\n  <div class=\"spinner-circle12 spinner-circle\"></div>\n</div>\n","components/header-banners":"{{#if banners.top}}\n  <section class=\"page-banner page-banner-top\">\n    {{#each banners.top}}\n      <div class=\"page-banner-inner\">\n        <div class=\"banner rte\">\n          {{{this}}}\n        </div>\n      </div>\n    {{/each}}\n  </section>\n{{/if}}\n\n{{#if shipping_messages.length}}\n  <section class=\"page-banner shipping-banner\">\n    {{#each shipping_messages}}\n      <div class=\"page-banner-inner\">\n        <div class=\"banner\">\n          {{{message}}}\n        </div>\n      </div>\n    {{/each}}\n  </section>\n{{/if}}\n\n{{#if product.shipping_messages.length}}\n  <section class=\"page-banner shipping-banner\">\n    {{#each product.shipping_messages}}\n      <div class=\"page-banner-inner\">\n        <div class=\"banner\">\n          {{{message}}}\n        </div>\n      </div>\n    {{/each}}\n  </section>\n{{/if}}\n","components/header":"<header class=\"main-header {{theme_settings.logo-position}}\" role=\"banner\">\n  <section class=\"header-inner\">\n\n    <div class=\"header-branding\">\n      {{#if settings.store_logo.image}}\n        <a class=\"header-branding-logo\" href=\"{{urls.home}}\">\n          <img class=\"header-branding-image\" src=\"{{getImage settings.store_logo.image 'logo'}}\" alt=\"{{settings.store_logo.title}}\">\n        </a>\n      {{else}}\n        <h1 class=\"header-branding-text\">\n          <a href=\"{{urls.home}}\">{{settings.store_logo.title}}</a>\n        </h1>\n      {{/if}}\n    </div>\n\n    {{> components/header-tools}}\n\n    {{{snippet 'header'}}}\n\n  </section>\n</header>\n\n{{> components/navigation}}\n","components/header-alternate":"<header class=\"main-header header-alternate {{theme_settings.logo-position}}\" role=\"banner\">\n\n  <section class=\"header-topbar\">\n    <div class=\"header-topbar-inner\">\n      <div class=\"header-currency-selector\">\n        {{> components/store-selector}}\n      </div>\n      {{> components/header-tools}}\n    </div>\n  </section>\n\n  <div class=\"mobile-header-branding\">\n    {{#if settings.store_logo.image}}\n      <a class=\"header-branding-logo\" href=\"{{urls.home}}\">\n        <img class=\"header-branding-image\" src=\"{{getImage settings.store_logo.image 'logo'}}\" alt=\"{{settings.store_logo.title}}\">\n      </a>\n    {{else}}\n      <h1 class=\"header-branding-text\">\n        <a href=\"{{urls.home}}\">{{settings.store_logo.title}}</a>\n      </h1>\n    {{/if}}\n  </div>\n\n  {{{snippet 'header'}}}\n</header>\n\n{{> components/navigation-alternate}}\n","components/footer":"<footer class=\"main-footer\">\n  <div class=\"container\">\n\n    <section class=\"footer-left\">\n\n      <div class=\"footer-navigation brand-logo\">\n        <img src=\"{{cdn '/assets/img/SanteviaLogo_Black.svg'}}\" />\n      </div>\n\n      <div class=\"footer-navigation hidden-col\">\n      &nbsp;\n      </div>\n\n      {{#if theme_settings.footer_menu '===' 'footer-show-pages' }}\n        {{#if pages.length}}\n          {{> components/footer-navigation nav_items=pages}}\n        {{/if}}\n      {{else if theme_settings.footer_menu '===' 'footer-show-categories'}}\n        {{> components/footer-navigation nav_items=categories view_all=false}}\n      {{else}}\n        {{> components/footer-navigation nav_items=shop_by_brand view_all=true}}\n      {{/if}}\n\n\n    </section>\n\n    <div class=\"footer-currency-selector\">\n      <p class=\"footer-currency-selector-title show-for-sr\">{{lang 'footer.headings.select_currency'}}</p>\n      {{> components/currency-selector is-mobile=true}}\n    </div>\n\n    <section class=\"footer-right\">\n\n      {{#if social_media.length}}\n        <div class=\"social-media\">\n          <h3 class=\"footer-section-title\">{{lang 'footer.headings.social_media'}}</h3>\n          <ul>\n            {{#each social_media}}\n              <li class=\"footer-navigation-list-item\">\n                {{#compare display_name 'google+' operator='==='}}\n                  <a href=\"{{url}}\" class=\"google\" target=\"_blank\">\n                    <i class=\"crew-icon-google\"></i> Google+\n                  </a>\n                {{else}}\n                  <a href=\"{{url}}\" class=\"{{display_name}}\" target=\"_blank\">\n                    <i class=\"crew-icon-{{display_name}}\"></i>\n                  </a>\n                {{/compare}}\n              </li>\n            {{/each}}\n          </ul>\n        </div>\n      {{/if}}\n\n      {{#if settings.show_newsletter_box}}\n        <div class=\"footer-newsletter\">\n          <h3 class=\"footer-section-title\">{{lang 'newsletter.heading'}}</h3>\n          <p class=\"footer-section-label\">{{lang 'newsletter.label'}}</p>\n          <form class=\"footer-newsletter-form form\" action=\"{{urls.subscribe.action}}\" method=\"post\">\n            <input type=\"hidden\" name=\"action\" value=\"subscribe\">\n            <input type=\"hidden\" name=\"nl_first_name\" value=\"bc\">\n            <input type=\"hidden\" name=\"check\" value=\"1\">\n            <label class=\"form-label show-for-sr\" for=\"nl_email\">{{lang 'newsletter.email'}}</label>\n            <input class=\"newsletter-signup-email form-input\" id=\"nl_email\" name=\"nl_email\" type=\"email\" value=\"{{customer.email}}\" placeholder=\"{{lang 'newsletter.email'}}\">\n            <div class=\"newsletter-signup-submit\">\n              <button class=\"submit button\" type=\"submit\"><i class=\"crew-icon-mail\"></i></button>\n            </div>\n          </form>\n        </div>\n      {{/if}}\n\n      <div class=\"footer-payment-icons\">\n        <ul class=\"footer-payment-icons-list\">\n          {{#if theme_settings.payment_visa}}\n            <li><i class=\"icon-visa\"></i></li>\n          {{/if}}\n\n          {{#if theme_settings.payment_mastercard}}\n            <li><i class=\"icon-mastercard\"></i></li>\n          {{/if}}\n\n          {{#if theme_settings.payment_american_express}}\n            <li><i class=\"icon-americanexpress\"></i></li>\n          {{/if}}\n\n          {{#if theme_settings.payment_discover}}\n            <li><i class=\"icon-discover\"></i></li>\n          {{/if}}\n\n          {{#if theme_settings.payment_paypal}}\n            <li><i class=\"icon-paypal\"></i></li>\n          {{/if}}\n\n          {{#if theme_settings.payment_apple_pay}}\n            <li><i class=\"icon-apple-pay\"></i></li>\n          {{/if}}\n        </ul>\n      </div>\n    </section>\n\n  </div>\n\n  <div class=\"footer-contact\">\n    <div class=\"container\">\n      {{#if theme_settings.theme_copyright}}\n        <div class=\"footer-copyright\">\n          <p>Copyright &copy; <script>document.write(new Date().getFullYear())</script> &ndash; {{lang 'footer.credits.copyright' name=settings.store_name}} &ndash; All Rights Reserved</p>\n        </div>\n      {{/if}}\n    </div>\n  </div>\n</footer>\n","core/structured-data/breadcrumbs":"{{!-- Breadcrumbs: include in base.html --}}\n\n<script id=\"schema-breadcrumbs\">\n  var schema = document.createElement('script');\n  schema.type = 'application/ld+json';\n  schema.text = JSON.stringify({\n    \"@context\": \"http://schema.org\",\n    \"@type\": \"BreadcrumbList\",\n    \"itemListElement\": [\n      {{#each breadcrumbs}}\n        {\n          \"@type\": \"ListItem\",\n          \"position\": {{@index}} + 1,\n          \"item\": {\n            \"@id\": {{#unless @last}}\"{{url}}\"{{else}}window.location.href{{/unless}},\n            \"name\": \"{{name}}\"\n          }\n        }{{#unless @last}},{{/unless}}\n      {{/each}}\n    ]\n  });\n\n  document.querySelector('body').appendChild(schema);\n\n  var script = document.getElementById('schema-breadcrumbs');\n  script.parentElement.removeChild(script);\n</script>\n","core/account/_private/navigation":"<nav class=\"account-nav\">\n  <ul class=\"account-nav-list\">\n    <li class=\"account-nav-item{{#if nav_page '===' 'orders'}} is-active{{/if}}\">\n      <a class=\"account-nav-link\" href=\"{{urls.account.orders.all}}\">{{lang 'core.account.menu.orders'}}</a>\n    </li>\n\n    {{#if settings.returns_enabled}}\n      <li class=\"account-nav-item{{#if nav_page '===' 'returns'}} is-active{{/if}}\">\n        <a class=\"account-nav-link\" href=\"{{urls.account.returns}}\">{{lang 'core.account.menu.returns'}}</a>\n      </li>\n    {{/if}}\n\n    <li class=\"account-nav-item{{#if nav_page '===' 'messages'}} is-active{{/if}}\">\n      <a class=\"account-nav-link\" href=\"{{urls.account.inbox}}\">{{lang 'core.account.menu.messages'}}\n        {{#if customer.num_new_messages}}\n          <span class=\"account-nav-badge\">{{customer.num_new_messages}}</span>\n        {{/if}}\n      </a>\n    </li>\n\n    <li class=\"account-nav-item{{#if nav_page '===' 'addresses'}} is-active{{/if}}\">\n      <a class=\"account-nav-link\" href=\"{{urls.account.addresses}}\">{{lang 'core.account.menu.addresses'}}</a>\n    </li>\n\n    {{#if settings.show_wishlist}}\n      <li class=\"account-nav-item{{#if nav_page '===' 'wishlists'}} is-active{{/if}}\">\n        <a class=\"account-nav-link\" href=\"{{urls.account.wishlists.all}}\">{{lang 'core.account.menu.wishlists'}}</a>\n      </li>\n    {{/if}}\n\n    <li class=\"account-nav-item{{#if nav_page '===' 'recent_items'}} is-active{{/if}}\">\n      <a class=\"account-nav-link\" href=\"{{urls.account.recent_items}}\">{{lang 'core.account.menu.recently_viewed'}}</a>\n    </li>\n\n    <li class=\"account-nav-item{{#if nav_page '===' 'settings'}} is-active{{/if}}\">\n      <a class=\"account-nav-link\" href=\"{{urls.account.details}}\">{{lang 'core.account.menu.settings'}}</a>\n    </li>\n  </ul>\n\n  {{#if customer.store_credit.value '>' 0}}\n    {{> core/alerts/alert-success (lang 'core.account.common.store_credit' store_credit=customer.store_credit.formatted)}}\n  {{/if}}\n</nav>\n","core/account/_private/layout-heading":"<div class=\"account-header\">\n  <h1 class=\"account-heading\">{{#block 'account-heading'}}{{/block}}</h1>\n\n  <div class=\"account-toolbar\">{{#block 'account-toolbar'}}{{/block}}</div>\n</div>\n","components/header-tools":"<div class=\"header-tools\">\n  <ul class=\"header-tools-inner\">\n\n    <li class=\"header-tools-item navigation-toggle-mobile-container\">\n      <button class=\"navigation-toggle-mobile-wrapper\">\n        <span class=\"navigation-toggle-mobile\"><i class=\"icon-menu\"></i></span>\n      </button>\n    </li>\n\n    <li class=\"header-tools-item search-toggle\">\n      <a href=\"#\">\n        <i class=\"icon-search\"></i>\n        <span class=\"label\">{{lang 'header.search'}}</span>\n      </a>\n\n      <div class=\"search-form-wrapper\">\n        {{{snippet 'forms_search'}}}\n\n        <form class=\"search-form\" action=\"{{urls.search}}\">\n          <input class=\"search-input\" name=\"search_query\" placeholder=\"{{lang 'header.search'}}\">\n          <button class=\"search-submit\" type=\"submit\">\n            <i class=\"icon-search\"></i>\n            <span class=\"show-for-sr\">\n              {{lang 'search.submit'}}\n            </span>\n          </button>\n        </form>\n      </div>\n    </li>\n\n    <li class=\"header-tools-item cart-toggle {{#if cart.items}}has-cart-items{{/if}}\">\n      <a class=\"cart-preview-trigger\" href=\"#\">\n        <i class=\"icon-cart\"></i>\n        <span class=\"label\">{{lang 'header.cart'}}</span>\n      </a>\n      <div class=\"cart-preview\">\n        {{> components/cart/cart-preview}}\n      </div>\n    </li>\n      <li class=\"header-tools-item\">\n          <a href=\"http://apps.santevia.com/store-finder/\">\n            <i class=\"crew-icon-pin\"></i>\n            <span class=\"label\">STORE FINDER</span>\n          </a>\n          {{#if settings.account_creation_enabled}}\n            {{#if customer}}\n              <a href=\"{{urls.account.index}}\">\n                <i class=\"icon-user\"></i>\n                <span class=\"label\">{{customer.name}}</span>\n              </a>\n              <a href=\"{{urls.auth.logout}}\">\n                <i class=\"crew-icon-lock\"></i>\n                <span class=\"label\">{{lang 'header.log_out'}}</span>\n              </a>\n            {{else}}\n              <a href=\"{{urls.auth.login}}\">\n                <i class=\"crew-icon-lock\"></i>\n                <span class=\"label\">{{lang 'header.log_in'}}</span>\n              </a>\n            {{/if}}\n        {{/if}}\n    </li>\n\n  </ul>\n</div>\n","components/navigation":"<section class=\"navigation-wrap\">\n  <nav class=\"navigation\">\n\n    <button class=\"navigation-toggle-mobile-wrapper close\">\n      <span class=\"navigation-toggle-mobile\"><i class=\"icon-close\"></i></span>\n    </button>\n\n    <div class=\"mobile-branding\">\n      {{#if settings.store_logo.image}}\n        <a class=\"header-branding-logo\" href=\"{{urls.home}}\">\n          <img class=\"header-branding-image\" src=\"{{getImage settings.store_logo.image 'logo'}}\" alt=\"{{settings.store_logo.title}}\">\n        </a>\n      {{else}}\n        <h1 class=\"header-branding-text\">\n          <a href=\"{{urls.home}}\">{{settings.store_logo.title}}</a>\n        </h1>\n      {{/if}}\n    </div>\n\n    <ul class=\"mobile-actions\">\n\n      <li class=\"mobile-action-item search-toggle\">\n        <a href=\"#\"><i class=\"icon-search\"></i></a>\n      </li>\n\n      <li class=\"mobile-action-item cart-count-preview\">\n        <a href=\"{{urls.cart}}\">\n          <i class=\"icon-cart\"></i>\n        </a>\n        <div class=\"cart-preview\">\n          {{> components/cart/cart-preview}}\n        </div>\n      </li>\n\n      {{#if settings.account_creation_enabled}}\n        <li class=\"mobile-action-item user-account\">\n          {{#if customer}}\n            <a class=\"navUser-action\" href=\"{{urls.account.index}}\"><i class=\"icon-user\"></i></a>\n          {{else}}\n            <a class=\"navUser-action\" href=\"{{urls.auth.login}}\"><i class=\"icon-user\"></i></a>\n          {{/if}}\n        </li>\n      {{/if}}\n\n    </ul>\n\n    <div class=\"mobile-search-wrapper search-form-wrapper\">\n      <form class=\"search-form\" action=\"{{urls.search}}\">\n        <input class=\"search-input\" name=\"search_query\" placeholder=\"{{lang 'header.search'}}\">\n      </form>\n    </div>\n\n    {{> components/navigation-structure}}\n\n    <div class=\"header-currency-selector\">\n      {{> components/currency-selector}}\n    </div>\n\n  </nav>\n\n  <div class=\"navigation-overlay\"></div>\n\n</section>\n","components/store-selector":"<ul class=\"store-selector\">\r\n\t<li><a href=\"http://ca.santevia.com\" class=\"ca\"></a></li>\r\n\t<li><a href=\"http://www.santevia.com/\" class=\"us\"></a></li>\r\n</ul>\n","components/navigation-alternate":"<section class=\"navigation-wrap navigation-alternate\n  {{#if theme_settings.logo-position '==' 'logo-right'}}navigation-left{{/if}}\n  {{#if theme_settings.logo-position '==' 'logo-center'}}navigation-center{{/if}}\">\n  <nav class=\"navigation\">\n\n    <button class=\"navigation-toggle-mobile-wrapper close\">\n      <span class=\"navigation-toggle-mobile\"><i class=\"icon-close\"></i></span>\n    </button>\n\n    <div class=\"mobile-branding\">\n      {{#if settings.store_logo.image}}\n        <a class=\"header-branding-logo\" href=\"{{urls.home}}\">\n          <img class=\"header-branding-image\" src=\"{{getImage settings.store_logo.image 'logo'}}\" alt=\"{{settings.store_logo.title}}\">\n        </a>\n      {{else}}\n        <h1 class=\"header-branding-text\">\n          <a href=\"{{urls.home}}\">{{settings.store_logo.title}}</a>\n        </h1>\n      {{/if}}\n    </div>\n\n    <ul class=\"mobile-actions\">\n\n      <li class=\"mobile-action-item search-toggle\">\n        <a href=\"#\"><i class=\"icon-search\"></i></a>\n      </li>\n\n      <li class=\"mobile-action-item cart-count-preview\">\n        <a href=\"{{urls.cart}}\">\n          <i class=\"icon-cart\"></i>\n        </a>\n        <div class=\"cart-preview\">\n          {{> components/cart/cart-preview}}\n        </div>\n      </li>\n\n      {{#if settings.account_creation_enabled}}\n        <li class=\"mobile-action-item user-account\">\n          {{#if customer}}\n            <a class=\"navUser-action\" href=\"{{urls.account.index}}\"><i class=\"icon-user\"></i></a>\n          {{else}}\n            <a class=\"navUser-action\" href=\"{{urls.auth.login}}\"><i class=\"icon-user\"></i></a>\n          {{/if}}\n        </li>\n      {{/if}}\n\n    </ul>\n\n    <div class=\"mobile-search-wrapper search-form-wrapper\">\n      <form class=\"search-form\" action=\"{{urls.search}}\">\n        <input class=\"search-input\" name=\"search_query\" placeholder=\"{{lang 'header.search'}}\">\n      </form>\n    </div>\n\n    <div class=\"header-branding\">\n      {{#if settings.store_logo.image}}\n        <a class=\"header-branding-logo\" href=\"{{urls.home}}\">\n          <img class=\"header-branding-image\" src=\"{{getImage settings.store_logo.image 'logo'}}\" alt=\"{{settings.store_logo.title}}\">\n        </a>\n      {{else}}\n        <h1 class=\"header-branding-text\">\n          <a href=\"{{urls.home}}\">{{settings.store_logo.title}}</a>\n        </h1>\n      {{/if}}\n    </div>\n\n    {{> components/navigation-structure}}\n\n  </nav>\n\n  <div class=\"navigation-overlay\"></div>\n\n</section>\n","components/footer-navigation":"{{!\n  @param nav_items\n         > accepts \"pages\", \"categories\" or \"shop_by_brand\", passed from parent template\n}}\n\n<div class=\"footer-navigation\">\n\n  <ul>\n    {{#each nav_items}}\n      <li class=\"footer-navigation-list-item\">\n        <a href=\"{{url}}\">{{name}}</a>\n      </li>\n    {{/each}}\n    {{#if view_all}}\n      {{#if shop_by_brand.length '>' 5}}\n        <li class=\"footer-navigation-list-item\">\n          <a href=\"{{urls.brands}}\">{{lang 'footer.view_all'}}</a>\n        </li>\n      {{/if}}\n    {{/if}}\n    {{#if theme_settings.sitemap}}\n      <li class=\"footer-navigation-list-item\">\n        <a href=\"{{urls.sitemap}}\">{{lang 'sitemap.heading'}}</a>\n      </li>\n    {{/if}}\n  </ul>\n</div>\n","components/currency-selector":"{{#if currency_selector.currencies.length '>' 1}}\n  <div class=\"currency-selector-wrapper\">\n    <span class=\"show-for-sr\">{{currency_selector.active_currency_name}}</span>\n    <div class=\"form-select-wrapper\">\n      <select class=\"{{#if is-mobile}}mobile-{{/if}}currency-selector\" data-model=\"CurrencySelector\" dir=\"rtl\">\n        {{#each currency_selector.currencies}}\n          <option value=\"{{{switch_url}}}\" {{#if is_active}}selected{{/if}}>\n            {{name}}\n          </option>\n        {{/each}}\n      </select>\n    </div>\n  </div>\n{{/if}}\n","core/alerts/alert-success":"<div class=\"alert alert-success\">\n  {{#if dismissable}}<a class=\"alert-dismiss\">&times;</a>{{/if}}\n\n  <div class=\"alert-message\">\n    {{#if message}}\n      {{{message}}}\n    {{else}}\n      {{{this}}}\n    {{/if}}\n  </div>\n</div>\n","components/cart/cart-preview":"{{#if cart.items}}<span class=\"cart-count\">{{cart.quantity}}</span>{{/if}}\n\n<div class=\"cart-preview-wrap\">\n\n  {{#if cart.items}}\n    <div class=\"cart-preview-body\">\n      <ul class=\"cart-preview-list\">\n        {{#each cart.items}}\n          <li class=\"cart-preview-list-item\">\n\n            <div class=\"cart-preview-list-item-image-wrap\">\n              <div class=\"cart-preview-list-item-image\">\n                {{#if type '===' 'GiftCertificate'}}\n                  <a href=\"javascript:void(0)\">\n                    <img src=\"{{cdn '/assets/icons/giftcard-image.svg'}}\" alt=\"{{recipient}}\">\n                  </a>\n                {{else}}\n                  <a href=\"{{link}}\">\n                    {{#if image}}\n                      <img src=\"{{getImage image 'product_thumbnail'}}\" alt=\"{{name}}\" />\n                    {{else}}\n                      <img src=\"{{cdn '/assets/icons/icon-no-image.svg'}}\" alt=\"{{lang 'product.no_image'}}\">\n                    {{/if}}\n                  </a>\n                {{/if}}\n              </div>\n            </div>\n\n            <div class=\"cart-preview-list-item-details\">\n              <div class=\"cart-preview-list-item-name\">\n                <a href=\"{{url}}\" alt=\"{{name}}\">{{name}}</a>\n              </div>\n\n              <div class=\"cart-preview-list-item-price\">\n                <span class=\"{{#if price_discounted}}cart-item-discount{{/if}}\">\n                  {{{price.formatted}}} <span class=\"cart-preview-list-item-price-quantity\">&times;{{quantity}}</span>\n                </span>\n\n                {{#if price_discounted}}\n                  <span>\n                    {{price_discounted.formatted}} <span class=\"cart-preview-list-item-price-quantity\">&times;{{quantity}}</span>\n                  </span>\n                {{/if}}\n              </div>\n            </div>\n\n          </li>\n        {{/each}}\n      </ul>\n    </div>\n\n    <div class=\"cart-preview-subtotal\">\n      <div class=\"label\">{{lang 'cart.checkout.subtotal'}}</div>\n      <div class=\"total\">{{cart.sub_total.formatted}}</div>\n    </div>\n\n    <div class=\"cart-preview-footer\">\n      <a href=\"{{urls.cart}}\" class=\"button\">{{lang 'header.view_cart'}}</a>\n      <a href=\"{{urls.checkout.single_address}}\" class=\"button button-alt\">{{lang 'cart.checkout_label'}}</a>\n    </div>\n\n  {{else}}\n    <p class=\"cart-preview-empty\">{{lang \"cart.checkout.empty_cart\"}}</p>\n  {{/if}}\n</div>\n","components/navigation-structure":"<ul class=\"navigation-tier nav-menu\" data-primary-tier>\n\n  <li class=\"nav-menu-item\">\n    {{#if theme_settings.global-show-home-in-nav}}\n      <a href=\"{{urls.home}}\">{{lang 'header.home_nav_item'}}</a>\n    {{/if}}\n  </li>\n\n {{#if theme_settings.global-show-categories-in-nav}}\n   {{#if ../theme_settings.categories-display-type '===' 'categories-main-nav'}}\n     {{#each categories}}\n       <li class=\"nav-menu-item {{#if children}}has-dropdown{{/if}}\" {{#if children}}data-primary-toggle{{/if}}>\n         {{> components/navigation-item show_all=../theme_settings.categories-all-link}}\n       </li>\n     {{/each}}\n    {{else}}\n      <li class=\"nav-menu-item has-dropdown\" data-primary-toggle>\n        <a href=\"{{url}}\">{{lang 'header.shop_nav_item'}}</a>\n\n        <ul class=\"navigation-tier nav-submenu\" data-flyout-tier>\n          {{#each categories}}\n            <li class=\"nav-submenu-item {{#if children}}has-dropdown{{/if}}\">\n              <a {{#if children}}href=\"#\" class=\"nav-submenu-toggle\" data-flyout-toggle{{else}}href=\"{{url}}\"{{/if}}>{{name}}</a>\n\n              {{#if children}}\n                <i class=\"icon-plus nav-icon\" data-flyout-toggle></i>\n\n                <ul class=\"navigation-tier nav-submenu\">\n                  <li class=\"nav-submenu-item\">\n                    <a href=\"{{url}}\">{{lang 'header.categories_all_item'}} {{name}}</a>\n                  </li>\n                  {{#each children}}\n                    <li class=\"nav-submenu-item {{#if children}}has-dropdown{{/if}}\">\n                      <a {{#if children}}href=\"#\" class=\"nav-submenu-toggle\" data-flyout-toggle{{else}}href=\"{{url}}\"{{/if}}>{{name}}</a>\n\n                      {{#if children}}\n                        <i class=\"icon-plus nav-icon\" data-flyout-toggle></i>\n\n                        <ul class=\"navigation-tier nav-submenu\">\n                          <li class=\"nav-submenu-item\">\n                            <a href=\"{{url}}\">{{lang 'header.categories_all_item'}} {{name}}</a>\n                          </li>\n                          {{#each children}}\n                            <li class=\"nav-submenu-item\">\n                              <a href=\"{{url}}\">{{name}}</a>\n                            </li>\n                          {{/each}}\n                        </ul>\n                      {{/if}}\n                    </li>\n                  {{/each}}\n                </ul>\n              {{/if}}\n            </li>\n          {{/each}}\n        </ul>\n      </li>\n   {{/if}}\n {{/if}}\n\n {{#if theme_settings.global-show-pages-in-nav}}\n   {{#each pages}}\n     <li class=\"nav-menu-item {{#if children}}has-dropdown{{/if}}\" {{#if children}}data-primary-toggle{{/if}}>\n       {{> components/navigation-item pages=true show_all=../theme_settings.categories-all-link}}\n     </li>\n   {{/each}}\n {{/if}}\n \n  <li class=\"nav-menu-item mobile-list-item\">\n    <a href=\"http://apps.santevia.com/store-finder/\" target=\"_blank\">Store Finder</a>\n  </li>\n\n  {{#if settings.account_creation_enabled}}\n    <li class=\"nav-menu-item mobile-list-item\">\n      {{#if customer}}\n        <a href=\"{{urls.account.index}}\">{{lang 'header.logged_in_as' name=customer.name}}</a>\n        <a href=\"{{urls.auth.logout}}\">{{lang 'header.log_out' }}</a>\n      {{else}}\n        <a href=\"{{urls.auth.login}}\">{{lang 'header.log_in'}}</a>\n      {{/if}}\n    </li>\n  {{/if}}\n\n</ul>\n","components/navigation-item":"<a href=\"{{url}}\">{{name}}</a>\n\n{{#if children}}\n  <i class=\"icon-plus nav-icon\" data-flyout-toggle></i>\n\n  <ul class=\"navigation-tier nav-submenu\" data-flyout-tier>\n    {{#if pages}}\n      {{#if show_all}}\n        {{#if url '!==' '#'}}\n          <li class=\"nav-submenu-item\">\n            <a href=\"{{url}}\">{{name}}</a>\n          </li>\n        {{/if}}\n      {{/if}}\n    {{else}}\n      {{#if show_all}}\n        <li class=\"nav-submenu-item\">\n          <a href=\"{{url}}\">{{lang 'header.categories_all_item'}} {{name}}</a>\n        </li>\n      {{/if}}\n    {{/if}}\n    {{#each children}}\n      <li class=\"nav-submenu-item {{#if children}}has-dropdown{{/if}}\">\n        <a {{#if children}}href=\"#\" class=\"nav-submenu-toggle\" data-flyout-toggle{{else}}href=\"{{url}}\"{{/if}}>{{name}}</a>\n\n        {{#if children}}\n          <i class=\"icon-plus nav-icon\" data-flyout-toggle></i>\n\n          <ul class=\"navigation-tier nav-submenu\" data-flyout-tier>\n            {{#if show_all}}\n              <li class=\"nav-submenu-item\">\n                <a href=\"{{url}}\">{{lang 'header.categories_all_item'}} {{name}}</a>\n              </li>\n            {{/if}}\n            {{#each children}}\n              <li class=\"nav-submenu-item\">\n                <a href=\"{{url}}\">{{name}}</a>\n              </li>\n            {{/each}}\n          </ul>\n        {{/if}}\n      </li>\n    {{/each}}\n  </ul>\n{{/if}}\n"}