{"pages/search":"---\nproduct_results:\n  limit: {{theme_settings.product_results_per_page}}\n---\n\n{{#partial \"page\"}}\n\n  <header class=\"sub-header\">\n    {{> components/common/breadcrumbs breadcrumbs}}\n  </header>\n\n  <section class=\"layout-block\">\n    <div class=\"search-header\">\n      <ul class=\"search-tabs\" data-tabs>\n        <li class=\"search-tab-title tab-title active\">\n          <a href=\"#search-results-products\" class=\"tab-link\">\n            {{lang 'search.tabs.products'}} ({{pagination.product_results.total}})\n          </a>\n        </li>\n        <li class=\"search-tab-title tab-title\">\n          <a href=\"#search-results-content\" class=\"tab-link\">\n            {{lang 'search.tabs.information'}} ({{{lang 'search.content_tab_count' count=content_results.length}}})\n          </a>\n        </li>\n      </ul>\n\n      {{{snippet 'search'}}}\n    </div>\n  </section>\n\n  <div class=\"layout-block search-tab-content\">\n\n    <div class=\"search-tab-content-panel search-results-products active\" id=\"search-results-products\">\n      <section class=\"layout-block product-grid\">\n        <div class=\"product-grid-container {{#if product_results.faceted_search_enabled}}has-sidebar{{/if}}\">\n\n          {{#if product_results.products.length}}\n            {{#if product_results.facets.length}}\n              {{#if product_results.faceted_search_enabled}}\n                <div class=\"product-grid-sidebar\">\n                  {{> components/sorting sort=pagination.search.sort}}\n\n                  <div class=\"product-grid-filters\">\n                    {{> components/search/filters}}\n                  </div>\n                </div>\n              {{/if}}\n            {{/if}}\n          {{/if}}\n\n          <div class=\"product-grid-list\" data-quickshop>\n            {{> components/search/product-index}}\n          </div>\n        </div>\n      </section>\n    </div>\n\n    <div class=\"search-tab-content-panel search-results-content\" id=\"search-results-content\">\n      <div class=\"page-container\">\n        {{#if content_results}}\n          {{#each content_results}}\n            <div class=\"search-result-item\">\n              <h3 class=\"search-result-item-title\">{{title}}</h3>\n              <div class=\"search-result-item-content\">\n                {{{content}}}\n              </div>\n              <a href=\"{{url}}\" class=\"button button-small search-result-item-more\">{{lang 'search.read_more'}}</a>\n            </div>\n          {{/each}}\n        {{else}}\n          {{> core/alerts/alert-info (lang 'search.empty_for_content' query=forms.search.query)}}\n        {{/if}}\n      </div>\n    </div>\n\n  </div>\n\n{{/partial}}\n\n{{> layout/base}}\n","components/common/breadcrumbs":"<ul class=\"breadcrumb-container\">\n  {{#each this}}\n    <li class=\"breadcrumb-item {{#if @last}}is-active{{/if}}\">\n      {{#if url}}\n        <a href=\"{{url}}\" class=\"breadcrumb-label\">{{name}}</a>\n      {{else}}\n        <span class=\"breadcrumb-label\">{{name}}</span>\n      {{/if}}\n    </li>\n  {{/each}}\n</ul>\n","components/sorting":"<div class=\"sorting\">\n  <h5 class=\"sorting-title\">{{lang 'common.sorter.sort_by'}}</h5>\n  <form class=\"product-sort-select\" method=\"get\" data-sort-by>\n    <div class=\"form-field form-inline\">\n        <label class=\"form-label show-for-sr\" for=\"sort\">{{lang 'common.sorter.sort_by'}}</label>\n        <div class=\"form-select-wrapper\">\n          <select class=\"form-select\" name=\"sort\" id=\"sort\">\n            <option value=\"featured\" {{#compare sort 'featured' operator='==='}}selected{{/compare}}>{{lang 'common.sorter.featured'}}</option>\n            <option value=\"newest\" {{#compare sort 'newest' operator='==='}}selected{{/compare}}>{{lang 'common.sorter.newest'}}</option>\n            <option value=\"bestselling\" {{#compare sort 'bestselling' operator='==='}}selected{{/compare}}>{{lang 'common.sorter.top_sellers'}}</option>\n            <option value=\"alphaasc\" {{#compare sort 'alphaasc' operator='==='}}selected{{/compare}}>{{lang 'common.sorter.alpha_asc'}}</option>\n            <option value=\"alphadesc\" {{#compare sort 'alphadesc' operator='==='}}selected{{/compare}}>{{lang 'common.sorter.alpha_desc'}}</option>\n            <option value=\"avgcustomerreview\" {{#compare sort 'avgcustomerreview' operator='==='}}selected{{/compare}}>{{lang 'common.sorter.reviews'}}</option>\n            <option value=\"priceasc\" {{#compare sort 'priceasc' operator='==='}}selected{{/compare}}>{{lang 'common.sorter.price_asc'}}</option>\n            <option value=\"pricedesc\" {{#compare sort 'pricedesc' operator='==='}}selected{{/compare}}>{{lang 'common.sorter.price_desc'}}</option>\n          </select>\n        </div>\n    </div>\n  </form>\n</div>\n","components/search/filters":"{{#if product_results.faceted_search_enabled}}\n\n  <a href=\"#\" class=\"button button-alt faceted-sidebar-toggle\">{{lang 'search.faceted.toggle_filters'}}</a>\n\n  {{#if product_results.selected.items.length}}\n    {{> components/faceted-search/facet-selected product_results.selected}}\n  {{/if }}\n\n  {{> components/faceted-search/facet-inputs facets=product_results.facets}}\n{{/if }}\n","components/search/product-index":"{{> components/products/grid\n  products=product_results.products\n  rowcount=theme_settings.products_per_row\n  show_compare=product_results.show_compare\n  quickshop=theme_settings.show_quick_shop\n  crop=theme_settings.grid_aspect_ratio}}\n\n{{#if pagination.product_results.links.length}}\n  {{> components/common/pagination pagination.product_results}}\n{{/if}}\n\n<div class=\"progress-overlay\">\n  <div class=\"inner\">\n    {{> components/common/spinner}}\n  </div>\n</div>\n","core/alerts/alert-info":"<div class=\"alert alert-info\">\n  {{#if dismissable}}<a class=\"alert-dismiss\">&times;</a>{{/if}}\n\n  <div class=\"alert-message\">\n    {{#if message}}\n      {{{message}}}\n    {{else}}\n      {{{this}}}\n    {{/if}}\n  </div>\n</div>\n","layout/base":"<!doctype html>\n<html class=\"no-js\" lang=\"{{ locale_name }}\">\n\n<head>\n  <script>document.documentElement.className = document.documentElement.className.replace(/\\bno-js\\b/,'js');</script>\n  <meta charset=\"utf-8\">\n  <meta http-equiv=\"X-UA-Compatible\" content=\"IE=edge,chrome=1\">\n  <meta name=\"viewport\" content=\"width=device-width, height=device-height, initial-scale=1, maximum-scale=1\">\n  <script src=\"//js.maxmind.com/js/apis/geoip2/v2.1/geoip2.js\" type=\"text/javascript\"></script>\n\n  {{{head.meta_tags}}}\n\n  <title>{{head.title}}</title>\n\n  {{{head.config}}}\n\n  <link href=\"{{head.favicon}}\" rel=\"shortcut icon\">\n\n  <style type=\"text/css\">\n    @font-face {\n      font-family: \"form-icons\";\n      src: url({{cdn \"assets/fonts/form-icons.eot\"}});\n      src: url({{cdn \"assets/fonts/form-icons.woff\"}}) format(\"woff\");\n      font-weight: normal;\n      font-style: normal;\n    }\n  </style>\n\n  {{{stylesheet '/assets/css/theme.css'}}}\n\n  {{getFontsCollection}}\n\n  {{{head.scripts}}}\n  {{{head.rsslinks}}}\n\n  {{> components/common/theme-object}}\n  {{> components/global-injects}}\n  {{{snippet 'html_head'}}}\n\n  {{> core/structured-data/website}}\n</head>\n\n<body class=\"{{> components/body-classes}} mobile-nav-closed\" data-currency-token=\"{{settings.money.currency_token}}\" data-currency-location=\"{{settings.money.currency_location}}\">\n\n  {{#if page_type '===' 'product'}}\n    {{> components/common/facebook-like}}\n  {{else if page_type '===' 'blog'}}\n    {{> components/common/facebook-like}}\n  {{else if page_type '===' 'blog_post'}}\n    {{> components/common/facebook-like}}\n  {{/if}}\n\n  {{#if theme_settings.show_quick_shop}}\n    <div class=\"quick-shop-wrapper\" data-quick-shop-wrapper>\n      <div class=\"quick-shop\" data-quick-shop></div>\n      {{> components/common/spinner}}\n    </div>\n  {{/if}}\n\n  {{> components/header-banners}}\n\n  {{#if theme_settings.header_layout '===' 'left-aligned'}}\n    {{> components/header}}\n  {{else}}\n    {{> components/header-alternate}}\n  {{/if}}\n\n  <div class=\"main-content\">\n    {{#block \"page\"}}{{/block}}\n  </div>\n\n  {{#if banners.bottom}}\n    <section class=\"page-banner page-banner-bottom\">\n      {{#each banners.bottom}}\n        <div class=\"page-banner-inner\">\n          <div class=\"banner rte\">\n            {{{this}}}\n          </div>\n        </div>\n      {{/each}}\n    </section>\n  {{/if}}\n\n  {{> components/footer}}\n\n  {{> core/structured-data/breadcrumbs}}\n\n  <script src=\"{{cdn '/assets/js/bundle.js'}}\"></script>\n  <script>\n    // Exported in app.js\n    window.stencilBootstrap(\"{{template_file}}\", {{jsContext}}).load();\n  </script>\n\n  {{{footer.scripts}}}\n  {{{snippet 'footer'}}}\n</body>\n</html>\n","components/faceted-search/facet-selected":"<div class=\"facet-selected-filters\">\n  <ul class=\"selected-filter-items\">\n    {{#each items}}\n      <li>\n        <a href=\"{{url}}\" title=\"{{title}}\" class=\"selected-filter-item\" rel=\"nofollow\" data-faceted-search-facet>\n          {{title}}\n          <span class=\"remove\">&times;</span>\n        </a>\n      </li>\n    {{/each}}\n  </ul>\n\n  <a href=\"{{remove_all_url}}\" class=\"clear-all\" rel=\"nofollow\" data-faceted-search-facet>{{lang 'search.faceted.selected.clear_all'}}</a>\n</div>\n","components/faceted-search/facet-inputs":"<div class=\"faceted-search\">\n  {{#each facets}}\n    {{#if visible}}\n      {{#if items.length}}\n        <div class=\"faceted-search-filter filter-type-{{type}}\">\n          <h5 class=\"faceted-search-title\">{{ title }}</h5>\n          {{{dynamicComponent 'components/faceted-search/facets'}}}\n        </div>\n      {{/if}}\n\n      {{#compare facet 'price'}}\n        <div class=\"faceted-search-filter filter-type-{{type}}\">\n          <h5 class=\"faceted-search-title\">{{ title }}</h5>\n          {{{dynamicComponent 'components/faceted-search/facets'}}}\n        </div>\n      {{/compare}}\n    {{/if}}\n  {{/each}}\n</div>\n","components/products/grid":"<form action=\"/compare\" class=\"product-grid-list-items {{#if show_compare}}compare-enabled{{/if}} {{#if quickshop}}quickshop-enabled{{/if}} {{rowcount}}\" method=\"POST\" data-product-compare>\n  {{#unless products.length}}\n    <div class=\"page-container\">\n      <div class=\"product-grid-no-results\">\n        {{> core/alerts/alert-info (lang 'products.no_products')}}\n      </div>\n    </div>\n  {{/unless}}\n\n  {{#each products}}\n    {{> components/products/product-item\n      show_compare=../show_compare\n      crop=../crop\n      as_low_as=../theme_settings.price_as_low_as\n    }}\n  {{/each}}\n\n  {{#if show_compare}}\n    <div class=\"compare-tab\" id=\"compare-tab\">\n      <h5 class=\"item-limit\">{{lang 'compare.compare_up_to_x_items' num=4}}</h5>\n      <ul class=\"compare-items-list\" id=\"compare-items-wrapper\"></ul>\n      <div class=\"compare-tab-actions\">\n        <input type=\"submit\" value=\"{{lang 'compare.compare_submit'}}\" class=\"button compare-submit\">\n        <a href=\"#\" class=\"button button-alt clear-compare\">{{lang 'compare.clear_compare' num=4}}</a>\n      </div>\n    </div>\n  {{/if}}\n</form>\n","components/common/pagination":"<div class=\"pagination-container\">\n  <div class=\"pagination\">\n    {{#if previous}}\n      <a class=\"pagination-item previous\" href=\"{{previous}}\" rel=\"nofollow\" data-faceted-search-facet>\n        <i class=\"icon-arrow-left\" aria-hidden=\"true\"></i>\n        {{lang 'common.pagination.previous'}}\n      </a>\n    {{/if}}\n\n    <output class=\"pagination-count\">\n      {{#if links.length '>' 1}}\n        {{#each links}}\n          {{#if number '===' ../current}}\n            <span class=\"pagination-number pagination-current\"><a href=\"{{url}}\">{{number}}</a></span>\n          {{else}}\n            <span class=\"pagination-number\"><a href=\"{{url}}\">{{number}}</a></span>\n          {{/if}}\n        {{/each}}\n      {{else}}\n        <span class=\"pagination-number pagination-current\">1</span>\n      {{/if}}\n    </output>\n\n    {{#if next}}\n      <a class=\"pagination-item next\" href=\"{{next}}\" rel=\"nofollow\" data-faceted-search-facet>\n        {{lang 'common.pagination.next'}}\n        <i class=\"icon-arrow-right\" aria-hidden=\"true\"></i>\n      </a>\n    {{/if}}\n  </div>\n</div>\n","components/common/spinner":"<div class=\"spinner\">\n  <div class=\"spinner-circle1 spinner-circle\"></div>\n  <div class=\"spinner-circle2 spinner-circle\"></div>\n  <div class=\"spinner-circle3 spinner-circle\"></div>\n  <div class=\"spinner-circle4 spinner-circle\"></div>\n  <div class=\"spinner-circle5 spinner-circle\"></div>\n  <div class=\"spinner-circle6 spinner-circle\"></div>\n  <div class=\"spinner-circle7 spinner-circle\"></div>\n  <div class=\"spinner-circle8 spinner-circle\"></div>\n  <div class=\"spinner-circle9 spinner-circle\"></div>\n  <div class=\"spinner-circle10 spinner-circle\"></div>\n  <div class=\"spinner-circle11 spinner-circle\"></div>\n  <div class=\"spinner-circle12 spinner-circle\"></div>\n</div>\n","components/common/theme-object":"<script>\n  Theme = {};\n\n  Theme.version = '1.1.12';\n  Theme.shopName = '{{settings.store_name}}';\n\n  Theme.carousel = {\n    delay: '{{carousel.swap_frequency}}'\n  };\n\n  Theme.localization = {\n    cart: {\n      outOfStock: '{{lang \"cart.out_of_stock\"}}',\n      errorMessageGeneral: '{{lang \"cart.error\"}}',\n      itemsInCart: '{{lang \"header.view_cart\"}}'\n    },\n    product: {\n      addSuccess: '{{lang \"product.success\"}}',\n      outOfStock: '{{lang \"product.error_message_stock\"}}',\n      zeroQuantity: '{{lang \"product.error_zero_quantity\"}}',\n      errorMessageGeneral: '{{lang \"product.error_message_general\"}}',\n      cartLink: '{{lang \"product.cart_link\"}}',\n      homeLink: '{{lang \"product.home_link\"}}',\n      checkoutLink: '{{lang \"product.checkout_link\"}}',\n      addToCart: '{{lang \"product.add_to_cart\"}}',\n      preOrder: '{{lang \"product.pre_order\"}}',\n      soldOut: '{{lang \"product.sold_out\"}}'\n    },\n    urls: {\n      cart: '{{urls.cart}}',\n      checkout: '{{urls.checkout.single_address}}'\n    }\n  }\n\n  Theme.messages = {\n    cart: {\n      \"remove_item\": \"{{lang 'cart.checkout.remove_confirm'}}\"\n    },\n    contact_us_errors: {\n      \"email\": \"{{lang 'forms.contact_us.errors.email'}}\",\n      \"message\": \"{{lang 'forms.contact_us.errors.message'}}\"\n    }\n  }\n</script>\n","components/global-injects":"{{!-- form validation --}}\n{{inject 'required' (lang 'common.required')}}\n{{inject 'validationRequired' (lang 'forms.validation.required')}}\n{{inject 'validationEmail' (lang 'forms.validation.email')}}\n{{inject 'validationPhone' (lang 'forms.validation.phone')}}\n{{inject 'validationRating' (lang 'forms.validation.rating')}}\n{{inject 'validationChooseTheme' (lang 'forms.validation.choose_theme')}}\n{{inject 'validationNumberRange' (lang 'forms.validation.number_range')}}\n{{inject 'validationNumber' (lang 'forms.validation.number')}}\n{{inject 'validationNumMax' (lang 'forms.validation.num_max')}}\n{{inject 'validationNumMin' (lang 'forms.validation.num_min')}}\n{{inject 'validationNumRange' (lang 'forms.validation.num_range')}}\n{{inject 'validationMaxLength' (lang 'forms.validation.max_length')}}\n{{inject 'validationMinLength' (lang 'forms.validation.min_length')}}\n{{inject 'validationMaxChecked' (lang 'forms.validation.max_checked')}}\n{{inject 'validationMinChecked' (lang 'forms.validation.min_checked')}}\n{{inject 'validationMaxSelected' (lang 'forms.validation.max_selected')}}\n{{inject 'validationMinSelected' (lang 'forms.validation.min_selected')}}\n{{inject 'validationNotEqual' (lang 'forms.validation.not_equal')}}\n{{inject 'validationDifferent' (lang 'forms.validation.different')}}\n\n{{!-- shipping estimator validation --}}\n{{inject 'validationCountry' (lang 'forms.validation.country')}}\n{{inject 'validationState' (lang 'forms.validation.state')}}\n{{inject 'validationStateProvince' (lang 'cart.shipping_estimator.select_a_state')}}\n\n{{!-- product --}}\n{{inject 'addSuccess' (lang 'product.success')}}\n{{inject 'priceYouSave' (lang 'product.you_save')}}\n{{inject 'includingTax' (lang 'product.including_tax')}}\n{{inject 'excludingTax' (lang 'product.excluding_tax')}}\n{{inject 'chooseFile' (lang 'product.choose_file')}}\n{{inject 'addToCart' (lang 'product.add_to_cart')}}\n{{inject 'cartLink' (lang 'product.cart_link')}}\n{{inject 'checkoutLink' (lang 'product.checkout_link')}}\n{{inject 'homeLink' (lang 'product.home_link')}}\n{{inject 'preOrder' (lang 'product.pre_order')}}\n{{inject 'soldOut' (lang 'product.sold_out')}}\n{{inject 'urlsCart' urls.cart}}\n{{inject 'urlsCheckout' urls.checkout.single_address}}\n\n{{!-- theme image sizes --}}\n{{inject 'themeImageSizes' theme_settings._images}}\n\n{{!-- base url --}}\n{{inject 'baseUrl' settings.secure_host}}\n{{inject 'swapFrequency' carousel.swap_frequency}}\n","core/structured-data/website":"{{!-- Website: include in base.html --}}\n\n<script type=\"application/ld+json\">\n  {\n    \"@context\": \"http://schema.org\",\n    \"@type\": \"WebSite\",\n    \"name\": \"{{settings.store_name}}\",\n    \"url\": \"{{urls.home}}\"\n  }\n</script>\n","components/body-classes":"template-{{page_type}}\n\n{{#if carousel.slides.length}}\n  has-carousel\n{{/if}}\n\n{{#if theme_settings.carousel-full-width}}\n  carousel-full-width\n{{/if}}\n\n{{#if banners.top}}\n  has-header-banner\n{{/if}}\n\n{{#if theme_settings.retina-logo}}\n  retina-logo\n{{/if}}\n\n{{#if theme_settings.banners_full_width}}\n  full-width-banners\n{{/if}}\n\n{{#unless in_production}}\n  dev-environment\n{{/unless}}\n","components/common/facebook-like":"{{#if settings.add_this}}\n  {{#each settings.add_this.buttons}}\n    {{#if service '===' 'facebook_like'}}\n      <div id=\"fb-root\"></div>\n      <script>(function(d, s, id) {\n        var js, fjs = d.getElementsByTagName(s)[0];\n        if (d.getElementById(id)) return;\n        js = d.createElement(s); js.id = id;\n        js.src = \"//connect.facebook.net/en_US/sdk.js#xfbml=1&version=v2.5\";\n        fjs.parentNode.insertBefore(js, fjs);\n      }(document, 'script', 'facebook-jssdk'));</script>\n    {{/if}}\n  {{/each}}\n{{/if}}\n","components/header-banners":"{{#if banners.top}}\n  <section class=\"page-banner page-banner-top\">\n    {{#each banners.top}}\n      <div class=\"page-banner-inner\">\n        <div class=\"banner rte\">\n          {{{this}}}\n        </div>\n      </div>\n    {{/each}}\n  </section>\n{{/if}}\n\n{{#if shipping_messages.length}}\n  <section class=\"page-banner shipping-banner\">\n    {{#each shipping_messages}}\n      <div class=\"page-banner-inner\">\n        <div class=\"banner\">\n          {{{message}}}\n        </div>\n      </div>\n    {{/each}}\n  </section>\n{{/if}}\n\n{{#if product.shipping_messages.length}}\n  <section class=\"page-banner shipping-banner\">\n    {{#each product.shipping_messages}}\n      <div class=\"page-banner-inner\">\n        <div class=\"banner\">\n          {{{message}}}\n        </div>\n      </div>\n    {{/each}}\n  </section>\n{{/if}}\n","components/header":"<header class=\"main-header {{theme_settings.logo-position}}\" role=\"banner\">\n  <section class=\"header-inner\">\n\n    <div class=\"header-branding\">\n      {{#if settings.store_logo.image}}\n        <a class=\"header-branding-logo\" href=\"{{urls.home}}\">\n          <img class=\"header-branding-image\" src=\"{{getImage settings.store_logo.image 'logo'}}\" alt=\"{{settings.store_logo.title}}\">\n        </a>\n      {{else}}\n        <h1 class=\"header-branding-text\">\n          <a href=\"{{urls.home}}\">{{settings.store_logo.title}}</a>\n        </h1>\n      {{/if}}\n    </div>\n\n    {{> components/header-tools}}\n\n    {{{snippet 'header'}}}\n\n  </section>\n</header>\n\n{{> components/navigation}}\n","components/header-alternate":"<header class=\"main-header header-alternate {{theme_settings.logo-position}}\" role=\"banner\">\n\n  <section class=\"header-topbar\">\n    <div class=\"header-topbar-inner\">\n      <div class=\"header-currency-selector\">\n        {{> components/store-selector}}\n      </div>\n      {{> components/header-tools}}\n    </div>\n  </section>\n\n  <div class=\"mobile-header-branding\">\n    {{#if settings.store_logo.image}}\n      <a class=\"header-branding-logo\" href=\"{{urls.home}}\">\n        <img class=\"header-branding-image\" src=\"{{getImage settings.store_logo.image 'logo'}}\" alt=\"{{settings.store_logo.title}}\">\n      </a>\n    {{else}}\n      <h1 class=\"header-branding-text\">\n        <a href=\"{{urls.home}}\">{{settings.store_logo.title}}</a>\n      </h1>\n    {{/if}}\n  </div>\n\n  {{{snippet 'header'}}}\n</header>\n\n{{> components/navigation-alternate}}\n","components/footer":"<footer class=\"main-footer\">\n  <div class=\"container\">\n\n    <section class=\"footer-left\">\n\n      <div class=\"footer-navigation brand-logo\">\n        <img src=\"{{cdn '/assets/img/SanteviaLogo_Black.svg'}}\" />\n      </div>\n\n      <div class=\"footer-navigation hidden-col\">\n      &nbsp;\n      </div>\n\n      {{#if theme_settings.footer_menu '===' 'footer-show-pages' }}\n        {{#if pages.length}}\n          {{> components/footer-navigation nav_items=pages}}\n        {{/if}}\n      {{else if theme_settings.footer_menu '===' 'footer-show-categories'}}\n        {{> components/footer-navigation nav_items=categories view_all=false}}\n      {{else}}\n        {{> components/footer-navigation nav_items=shop_by_brand view_all=true}}\n      {{/if}}\n\n\n    </section>\n\n    <div class=\"footer-currency-selector\">\n      <p class=\"footer-currency-selector-title show-for-sr\">{{lang 'footer.headings.select_currency'}}</p>\n      {{> components/currency-selector is-mobile=true}}\n    </div>\n\n    <section class=\"footer-right\">\n\n      {{#if social_media.length}}\n        <div class=\"social-media\">\n          <h3 class=\"footer-section-title\">{{lang 'footer.headings.social_media'}}</h3>\n          <ul>\n            {{#each social_media}}\n              <li class=\"footer-navigation-list-item\">\n                {{#compare display_name 'google+' operator='==='}}\n                  <a href=\"{{url}}\" class=\"google\" target=\"_blank\">\n                    <i class=\"crew-icon-google\"></i> Google+\n                  </a>\n                {{else}}\n                  <a href=\"{{url}}\" class=\"{{display_name}}\" target=\"_blank\">\n                    <i class=\"crew-icon-{{display_name}}\"></i>\n                  </a>\n                {{/compare}}\n              </li>\n            {{/each}}\n          </ul>\n        </div>\n      {{/if}}\n\n      {{#if settings.show_newsletter_box}}\n        <div class=\"footer-newsletter\">\n          <h3 class=\"footer-section-title\">{{lang 'newsletter.heading'}}</h3>\n          <p class=\"footer-section-label\">{{lang 'newsletter.label'}}</p>\n          <form class=\"footer-newsletter-form form\" action=\"{{urls.subscribe.action}}\" method=\"post\">\n            <input type=\"hidden\" name=\"action\" value=\"subscribe\">\n            <input type=\"hidden\" name=\"nl_first_name\" value=\"bc\">\n            <input type=\"hidden\" name=\"check\" value=\"1\">\n            <label class=\"form-label show-for-sr\" for=\"nl_email\">{{lang 'newsletter.email'}}</label>\n            <input class=\"newsletter-signup-email form-input\" id=\"nl_email\" name=\"nl_email\" type=\"email\" value=\"{{customer.email}}\" placeholder=\"{{lang 'newsletter.email'}}\">\n            <div class=\"newsletter-signup-submit\">\n              <button class=\"submit button\" type=\"submit\"><i class=\"crew-icon-mail\"></i></button>\n            </div>\n          </form>\n        </div>\n      {{/if}}\n\n      <div class=\"footer-payment-icons\">\n        <ul class=\"footer-payment-icons-list\">\n          {{#if theme_settings.payment_visa}}\n            <li><i class=\"icon-visa\"></i></li>\n          {{/if}}\n\n          {{#if theme_settings.payment_mastercard}}\n            <li><i class=\"icon-mastercard\"></i></li>\n          {{/if}}\n\n          {{#if theme_settings.payment_american_express}}\n            <li><i class=\"icon-americanexpress\"></i></li>\n          {{/if}}\n\n          {{#if theme_settings.payment_discover}}\n            <li><i class=\"icon-discover\"></i></li>\n          {{/if}}\n\n          {{#if theme_settings.payment_paypal}}\n            <li><i class=\"icon-paypal\"></i></li>\n          {{/if}}\n\n          {{#if theme_settings.payment_apple_pay}}\n            <li><i class=\"icon-apple-pay\"></i></li>\n          {{/if}}\n        </ul>\n      </div>\n    </section>\n\n  </div>\n\n  <div class=\"footer-contact\">\n    <div class=\"container\">\n      {{#if theme_settings.theme_copyright}}\n        <div class=\"footer-copyright\">\n          <p>Copyright &copy; <script>document.write(new Date().getFullYear())</script> &ndash; {{lang 'footer.credits.copyright' name=settings.store_name}} &ndash; All Rights Reserved</p>\n        </div>\n      {{/if}}\n    </div>\n  </div>\n</footer>\n","core/structured-data/breadcrumbs":"{{!-- Breadcrumbs: include in base.html --}}\n\n<script id=\"schema-breadcrumbs\">\n  var schema = document.createElement('script');\n  schema.type = 'application/ld+json';\n  schema.text = JSON.stringify({\n    \"@context\": \"http://schema.org\",\n    \"@type\": \"BreadcrumbList\",\n    \"itemListElement\": [\n      {{#each breadcrumbs}}\n        {\n          \"@type\": \"ListItem\",\n          \"position\": {{@index}} + 1,\n          \"item\": {\n            \"@id\": {{#unless @last}}\"{{url}}\"{{else}}window.location.href{{/unless}},\n            \"name\": \"{{name}}\"\n          }\n        }{{#unless @last}},{{/unless}}\n      {{/each}}\n    ]\n  });\n\n  document.querySelector('body').appendChild(schema);\n\n  var script = document.getElementById('schema-breadcrumbs');\n  script.parentElement.removeChild(script);\n</script>\n","components/products/product-item":"<article class=\"product-grid-item\">\n\n  <figure class=\"product-grid-item-thumbnail {{#if crop}}cropped-thumbnail aspect-{{crop}}{{/if}}\">\n    <a class=\"{{#if crop}}cropped-thumbnail-block{{/if}}\" href=\"{{url}}\" title=\"{{name}}\"\n      style=\"background-image:url({{#if image}}{{getImage image 'product_item'}}{{else}}{{cdn '/assets/icons/icon-no-image.svg'}}{{/if}});\">\n\n      {{#if image}}\n        <img src=\"{{getImage image 'product_item'}}\" alt=\"{{image.alt}}\">\n      {{else}}\n        <img src=\"{{cdn '/assets/icons/icon-no-image.svg'}}\" alt=\"{{lang 'product.no_image'}}\">\n      {{/if}}\n    </a>\n\n    {{#if settings.show_product_rating}}\n      {{#if rating}}\n        <div class=\"product-grid-item-rating-wrap\">\n          <div class=\"product-grid-item-rating\">\n            {{> components/products/ratings rating=rating size=\"medium\"}}\n          </div>\n        </div>\n      {{/if}}\n    {{/if}}\n\n    {{#if show_compare}}\n      <div class=\"product-item-compare\">\n        <div class=\"form-field form-field-inline form-field-checkbox\">\n          <div class=\"form-field-control\">\n            <label class=\"form-label\" for=\"compare-{{id}}\">\n              <input type=\"checkbox\" class=\"form-input form-checkbox\" name=\"products[]\" value=\"{{id}}\" id=\"compare-{{id}}\">\n              <span class=\"form-label-text\">{{lang \"products.compare\"}}</span>\n            </label>\n          </div>\n        </div>\n      </div>\n    {{/if}}\n\n    {{#if out_of_stock_message.length}}\n      <span class=\"product-grid-item-sale-badge\">{{out_of_stock_message}}</span>\n    {{else}}\n      {{#if price.saved}}\n        <span class=\"product-grid-item-sale-badge\">{{lang 'product.on_sale'}}</span>\n      {{/if}}\n    {{/if}}\n\n    <span class=\"quick-shop-trigger\" data-quick-shop-trigger=\"{{id}}\">{{lang 'product.quick_shop'}}</span>\n  </figure>\n\n  <div class=\"product-grid-item-details\">\n    <h3 class=\"product-item-title\">\n      <a href=\"{{url}}\" title=\"{{name}}\">\n        {{name}}\n      </a>\n    </h3>\n\n    <div class=\"product-grid-item-price\">\n      {{> components/products/price price=price}}\n    </div>\n  </div>\n\n</article>\n","components/header-tools":"<div class=\"header-tools\">\n  <ul class=\"header-tools-inner\">\n\n    <li class=\"header-tools-item navigation-toggle-mobile-container\">\n      <button class=\"navigation-toggle-mobile-wrapper\">\n        <span class=\"navigation-toggle-mobile\"><i class=\"icon-menu\"></i></span>\n      </button>\n    </li>\n\n    <li class=\"header-tools-item search-toggle\">\n      <a href=\"#\">\n        <i class=\"icon-search\"></i>\n        <span class=\"label\">{{lang 'header.search'}}</span>\n      </a>\n\n      <div class=\"search-form-wrapper\">\n        {{{snippet 'forms_search'}}}\n\n        <form class=\"search-form\" action=\"{{urls.search}}\">\n          <input class=\"search-input\" name=\"search_query\" placeholder=\"{{lang 'header.search'}}\">\n          <button class=\"search-submit\" type=\"submit\">\n            <i class=\"icon-search\"></i>\n            <span class=\"show-for-sr\">\n              {{lang 'search.submit'}}\n            </span>\n          </button>\n        </form>\n      </div>\n    </li>\n\n    <li class=\"header-tools-item cart-toggle {{#if cart.items}}has-cart-items{{/if}}\">\n      <a class=\"cart-preview-trigger\" href=\"#\">\n        <i class=\"icon-cart\"></i>\n        <span class=\"label\">{{lang 'header.cart'}}</span>\n      </a>\n      <div class=\"cart-preview\">\n        {{> components/cart/cart-preview}}\n      </div>\n    </li>\n      <li class=\"header-tools-item\">\n          <a href=\"http://apps.santevia.com/store-finder/\">\n            <i class=\"crew-icon-pin\"></i>\n            <span class=\"label\">STORE FINDER</span>\n          </a>\n          {{#if settings.account_creation_enabled}}\n            {{#if customer}}\n              <a href=\"{{urls.account.index}}\">\n                <i class=\"icon-user\"></i>\n                <span class=\"label\">{{customer.name}}</span>\n              </a>\n              <a href=\"{{urls.auth.logout}}\">\n                <i class=\"crew-icon-lock\"></i>\n                <span class=\"label\">{{lang 'header.log_out'}}</span>\n              </a>\n            {{else}}\n              <a href=\"{{urls.auth.login}}\">\n                <i class=\"crew-icon-lock\"></i>\n                <span class=\"label\">{{lang 'header.log_in'}}</span>\n              </a>\n            {{/if}}\n        {{/if}}\n    </li>\n\n  </ul>\n</div>\n","components/navigation":"<section class=\"navigation-wrap\">\n  <nav class=\"navigation\">\n\n    <button class=\"navigation-toggle-mobile-wrapper close\">\n      <span class=\"navigation-toggle-mobile\"><i class=\"icon-close\"></i></span>\n    </button>\n\n    <div class=\"mobile-branding\">\n      {{#if settings.store_logo.image}}\n        <a class=\"header-branding-logo\" href=\"{{urls.home}}\">\n          <img class=\"header-branding-image\" src=\"{{getImage settings.store_logo.image 'logo'}}\" alt=\"{{settings.store_logo.title}}\">\n        </a>\n      {{else}}\n        <h1 class=\"header-branding-text\">\n          <a href=\"{{urls.home}}\">{{settings.store_logo.title}}</a>\n        </h1>\n      {{/if}}\n    </div>\n\n    <ul class=\"mobile-actions\">\n\n      <li class=\"mobile-action-item search-toggle\">\n        <a href=\"#\"><i class=\"icon-search\"></i></a>\n      </li>\n\n      <li class=\"mobile-action-item cart-count-preview\">\n        <a href=\"{{urls.cart}}\">\n          <i class=\"icon-cart\"></i>\n        </a>\n        <div class=\"cart-preview\">\n          {{> components/cart/cart-preview}}\n        </div>\n      </li>\n\n      {{#if settings.account_creation_enabled}}\n        <li class=\"mobile-action-item user-account\">\n          {{#if customer}}\n            <a class=\"navUser-action\" href=\"{{urls.account.index}}\"><i class=\"icon-user\"></i></a>\n          {{else}}\n            <a class=\"navUser-action\" href=\"{{urls.auth.login}}\"><i class=\"icon-user\"></i></a>\n          {{/if}}\n        </li>\n      {{/if}}\n\n    </ul>\n\n    <div class=\"mobile-search-wrapper search-form-wrapper\">\n      <form class=\"search-form\" action=\"{{urls.search}}\">\n        <input class=\"search-input\" name=\"search_query\" placeholder=\"{{lang 'header.search'}}\">\n      </form>\n    </div>\n\n    {{> components/navigation-structure}}\n\n    <div class=\"header-currency-selector\">\n      {{> components/currency-selector}}\n    </div>\n\n  </nav>\n\n  <div class=\"navigation-overlay\"></div>\n\n</section>\n","components/store-selector":"<ul class=\"store-selector\">\r\n\t<li><a href=\"http://ca.santevia.com\" class=\"ca\"></a></li>\r\n\t<li><a href=\"http://www.santevia.com/\" class=\"us\"></a></li>\r\n</ul>\n","components/navigation-alternate":"<section class=\"navigation-wrap navigation-alternate\n  {{#if theme_settings.logo-position '==' 'logo-right'}}navigation-left{{/if}}\n  {{#if theme_settings.logo-position '==' 'logo-center'}}navigation-center{{/if}}\">\n  <nav class=\"navigation\">\n\n    <button class=\"navigation-toggle-mobile-wrapper close\">\n      <span class=\"navigation-toggle-mobile\"><i class=\"icon-close\"></i></span>\n    </button>\n\n    <div class=\"mobile-branding\">\n      {{#if settings.store_logo.image}}\n        <a class=\"header-branding-logo\" href=\"{{urls.home}}\">\n          <img class=\"header-branding-image\" src=\"{{getImage settings.store_logo.image 'logo'}}\" alt=\"{{settings.store_logo.title}}\">\n        </a>\n      {{else}}\n        <h1 class=\"header-branding-text\">\n          <a href=\"{{urls.home}}\">{{settings.store_logo.title}}</a>\n        </h1>\n      {{/if}}\n    </div>\n\n    <ul class=\"mobile-actions\">\n\n      <li class=\"mobile-action-item search-toggle\">\n        <a href=\"#\"><i class=\"icon-search\"></i></a>\n      </li>\n\n      <li class=\"mobile-action-item cart-count-preview\">\n        <a href=\"{{urls.cart}}\">\n          <i class=\"icon-cart\"></i>\n        </a>\n        <div class=\"cart-preview\">\n          {{> components/cart/cart-preview}}\n        </div>\n      </li>\n\n      {{#if settings.account_creation_enabled}}\n        <li class=\"mobile-action-item user-account\">\n          {{#if customer}}\n            <a class=\"navUser-action\" href=\"{{urls.account.index}}\"><i class=\"icon-user\"></i></a>\n          {{else}}\n            <a class=\"navUser-action\" href=\"{{urls.auth.login}}\"><i class=\"icon-user\"></i></a>\n          {{/if}}\n        </li>\n      {{/if}}\n\n    </ul>\n\n    <div class=\"mobile-search-wrapper search-form-wrapper\">\n      <form class=\"search-form\" action=\"{{urls.search}}\">\n        <input class=\"search-input\" name=\"search_query\" placeholder=\"{{lang 'header.search'}}\">\n      </form>\n    </div>\n\n    <div class=\"header-branding\">\n      {{#if settings.store_logo.image}}\n        <a class=\"header-branding-logo\" href=\"{{urls.home}}\">\n          <img class=\"header-branding-image\" src=\"{{getImage settings.store_logo.image 'logo'}}\" alt=\"{{settings.store_logo.title}}\">\n        </a>\n      {{else}}\n        <h1 class=\"header-branding-text\">\n          <a href=\"{{urls.home}}\">{{settings.store_logo.title}}</a>\n        </h1>\n      {{/if}}\n    </div>\n\n    {{> components/navigation-structure}}\n\n  </nav>\n\n  <div class=\"navigation-overlay\"></div>\n\n</section>\n","components/footer-navigation":"{{!\n  @param nav_items\n         > accepts \"pages\", \"categories\" or \"shop_by_brand\", passed from parent template\n}}\n\n<div class=\"footer-navigation\">\n\n  <ul>\n    {{#each nav_items}}\n      <li class=\"footer-navigation-list-item\">\n        <a href=\"{{url}}\">{{name}}</a>\n      </li>\n    {{/each}}\n    {{#if view_all}}\n      {{#if shop_by_brand.length '>' 5}}\n        <li class=\"footer-navigation-list-item\">\n          <a href=\"{{urls.brands}}\">{{lang 'footer.view_all'}}</a>\n        </li>\n      {{/if}}\n    {{/if}}\n    {{#if theme_settings.sitemap}}\n      <li class=\"footer-navigation-list-item\">\n        <a href=\"{{urls.sitemap}}\">{{lang 'sitemap.heading'}}</a>\n      </li>\n    {{/if}}\n  </ul>\n</div>\n","components/currency-selector":"{{#if currency_selector.currencies.length '>' 1}}\n  <div class=\"currency-selector-wrapper\">\n    <span class=\"show-for-sr\">{{currency_selector.active_currency_name}}</span>\n    <div class=\"form-select-wrapper\">\n      <select class=\"{{#if is-mobile}}mobile-{{/if}}currency-selector\" data-model=\"CurrencySelector\" dir=\"rtl\">\n        {{#each currency_selector.currencies}}\n          <option value=\"{{{switch_url}}}\" {{#if is_active}}selected{{/if}}>\n            {{name}}\n          </option>\n        {{/each}}\n      </select>\n    </div>\n  </div>\n{{/if}}\n","components/faceted-search/facets/multi":"<div data-facet-filter-wrapper class=\"facet-filter-wrapper {{#unless start_collapsed}}is-open{{/unless}}\">\n<ul class=\"faceted-search-filter-list {{#if selected }}is-open{{/if}} {{#unless start_collapsed }}is-open{{/unless}} {{#compare items_count total_items operator='<'}}has-additional-filters{{/compare}}\"\n    id=\"faceted-search-filter-list-{{#replace ' ' facet}}{{else}}{{facet}}{{/replace}}\"\n    data-count=\"{{items_count}}\" data-facet=\"{{facet}}\">\n  {{#each items}}\n    <li class=\"faceted-search-item {{#compare @index items_count operator='>='}}hidden{{/compare}}\">\n      <a href=\"{{url}}\" title=\"{{title}}\" rel=\"nofollow\" data-faceted-search-facet>\n        <input type=\"checkbox\" class=\"facet-checkbox\" {{#if selected}}checked{{/if}}>\n        <span class=\"faceted-search-item-label\">\n          {{title}}\n          {{#if ../show_product_counts}}<span class=\"faceted-search-item-count\">({{ count }})</span>{{/if}}\n        </span>\n      </a>\n    </li>\n  {{/each}}\n</ul>\n\n  {{#if show_more_toggle}}\n  <a href=\"#faceted-search-filter-list-{{#replace ' ' facet}}{{else}}{{facet}}{{/replace}}\" role=\"button\"\n     class=\"toggleLink faceted-show-more-button\n     {{#unless start_collapsed}}is-open{{/unless}}\"\n     data-show-more-facets>\n\n    <span class=\"toggle-link-text toggle-link-text-off\">{{lang 'search.faceted.show_more'}}</span>\n    <span class=\"toggle-link-text toggle-link-text-on\">{{lang 'search.faceted.show_less'}}</span>\n  </a>\n  {{/if}}\n</div>\n","components/faceted-search/facets/hierarchy":"\n<div data-facet-filter-wrapper class=\"facet-filter-wrapper {{#unless start_collapsed}}is-open{{/unless}}\">\n\n<ul class=\"faceted-search-filter-list {{#if selected }}is-open{{/if}} {{#unless start_collapsed }}is-open{{/unless}}\"\n    id=\"faceted-search-filter-list-{{#replace ' ' facet}}{{else}}{{facet}}{{/replace}}\"\n    data-count=\"{{items_count}}\"\n    data-facet=\"{{#replace ' ' facet}}{{else}}{{facet}}{{/replace}}\">\n  {{#each items}}\n    <li class=\"faceted-search-item {{#if has_sub_categories }}has-children{{/if}}\">\n      <a href=\"{{url}}\" rel=\"nofollow\" data-faceted-search-facet>\n        <input type=\"checkbox\" class=\"facet-checkbox\" {{#if selected}}checked{{/if}}>\n        <span class=\"faceted-search-item-label\">\n          {{title}}\n          {{#if ../show_product_counts}}<span class=\"faceted-search-item-count\">({{ count }})</span>{{/if}}\n        </span>\n      </a>\n    </li>\n  {{/each}}\n</ul>\n  {{#if show_more_toggle}}\n    <a href=\"#faceted-search-filter-list-{{#replace ' ' facet}}{{else}}{{facet}}{{/replace}}\"\n       role=\"button\"\n       class=\"toggleLink faceted-show-more-button\n       {{#unless start_collapsed}}is-open{{/unless}}\"\n       data-show-more-facets>\n\n      <span class=\"toggle-link-text toggle-link-text-off\">{{lang 'search.faceted.show_more'}}</span>\n      <span class=\"toggle-link-text toggle-link-text-on\">{{lang 'search.faceted.show_less'}}</span>\n    </a>\n  {{/if}}\n</div>\n","components/faceted-search/facets/range":"<form class=\"faceted-search-filter-list {{#if selected }}is-open{{/if}} {{#unless start_collapsed }}is-open{{/unless}}\" method=\"get\" data-faceted-search-range>\n  {{#each current_selected_items}}\n    <input type=\"hidden\" name=\"{{ param_name }}\" value=\"{{ param_value }}\"/>\n  {{/each}}\n\n  <div class=\"facet-range-input-group\">\n    <div class=\"facet-range-inputs\">\n      <div class=\"form-field faceted-search-range-min\">\n        <input\n          class=\"form-input\"\n          name=\"min_price\"\n          min=\"0\"\n          type=\"number\"\n          value=\"{{ min_price }}\"\n          placeholder=\"{{ lang 'category.sidebar.min_price'}}\"\n          required\n        />\n      </div>\n\n      <div class=\"form-field faceted-search-range-max\">\n        <input\n          class=\"form-input\"\n          name=\"max_price\"\n          min=\"0\"\n          type=\"number\"\n          value=\"{{ max_price }}\"\n          placeholder=\"{{ lang 'category.sidebar.max_price'}}\"\n          required\n        />\n      </div>\n    </div>\n\n    <input class=\"button button-primary button-small facet-submit\" type=\"submit\" value=\"{{lang 'category.sidebar.update'}}\">\n\n  </div>\n</form>\n","components/faceted-search/facets/rating":"<ul class=\"faceted-search-filter-list {{#if selected }}is-open{{/if}} {{#unless start_collapsed }}is-open{{/unless}}\">\n  {{#each items}}\n    <li class=\"faceted-search-item\">\n      <a href=\"{{url}}\" title=\"{{lang 'product.reviews.stars_count' NUM=title}}\" rel=\"nofollow\" data-faceted-search-facet>\n\n        <input type=\"checkbox\" class=\"facet-checkbox\" {{#if selected}}checked{{/if}}>\n\n        <span class=\"faceted-search-item-label facet-rating\">\n\n          {{#if title '==' '1'}}\n            <span class=\"star icon-star checked\"></span>\n            <span class=\"star icon-star\"></span>\n            <span class=\"star icon-star\"></span>\n            <span class=\"star icon-star\"></span>\n            <span class=\"star icon-star\"></span>\n          {{/if}}\n\n          {{#if title '==' '2'}}\n            <span class=\"star icon-star checked\"></span>\n            <span class=\"star icon-star checked\"></span>\n            <span class=\"star icon-star\"></span>\n            <span class=\"star icon-star\"></span>\n            <span class=\"star icon-star\"></span>\n          {{/if}}\n\n          {{#if title '==' '3'}}\n            <span class=\"star icon-star checked\"></span>\n            <span class=\"star icon-star checked\"></span>\n            <span class=\"star icon-star checked\"></span>\n            <span class=\"star icon-star\"></span>\n            <span class=\"star icon-star\"></span>\n          {{/if}}\n\n          {{#if title '==' '4'}}\n            <span class=\"star icon-star checked\"></span>\n            <span class=\"star icon-star checked\"></span>\n            <span class=\"star icon-star checked\"></span>\n            <span class=\"star icon-star checked\"></span>\n            <span class=\"star icon-star\"></span>\n          {{/if}}\n\n          {{#if title '==' '5'}}\n            <span class=\"star icon-star checked\"></span>\n            <span class=\"star icon-star checked\"></span>\n            <span class=\"star icon-star checked\"></span>\n            <span class=\"star icon-star checked\"></span>\n            <span class=\"star icon-star checked\"></span>\n          {{/if}}\n\n          {{#if ../show_product_counts}}<span class=\"faceted-search-item-count\">({{ count }})</span>{{/if}}\n\n        </span>\n\n      </a>\n    </li>\n  {{/each}}\n</ul>\n","components/products/ratings":"<div class=\"rating-stars stars-{{size}}\" aria-hidden=\"true\">\n  {{#enumerate 1 5}}\n    {{#compare ../rating this operator='>='}}\n      <span class=\"icon-star star\"></span>\n    {{else}}\n      <span class=\"icon-star star star-empty\"></span>\n    {{/compare}}\n  {{/enumerate}}\n</div>\n","components/products/price":"<div class=\"product-price\" itemprop=\"offers\" itemscope itemtype=\"http://schema.org/Offer\">\n  {{# if price}}\n    {{#or has_options product.options.length}}\n      {{#if price.with_tax}}\n\n        {{#if schema_org}}\n          <meta itemprop=\"priceCurrency\" content=\"{{currency_selector.active_currency_code}}\">\n\n          {{#if price.without_tax}}\n            <meta itemprop=\"price\" content=\"{{price.without_tax.value}}\">\n          {{else}}\n            <meta itemprop=\"price\" content=\"{{price.with_tax.value}}\">\n          {{/if}}\n        {{/if}}\n\n        {{#if page_type '!==' 'product'}}\n          {{#if as_low_as}}\n            <span class=\"pricing-as-low-as\">{{lang 'product.as_low_as_price_message'}}</span>\n          {{/if}}\n        {{/if}}\n\n        <span class=\"price-with-tax\">\n          <span data-product-price-wrapper=\"with-tax\">\n            <span data-product-price>\n              {{price.with_tax.formatted}}\n            </span>\n\n            {{#if price.saved}}\n              <span class=\"price-rrp\" data-product-rrp>\n                {{price.rrp_with_tax.formatted}}\n              </span>\n            {{/if}}\n          </span>\n\n          {{#if price.without_tax}}\n            <span class=\"price-tax-label\">{{lang 'product.including_tax'}}</span>\n          {{/if}}\n        </span>\n      {{/if}}\n\n      {{#if price.without_tax}}\n\n        {{#if page_type '!==' 'product'}}\n          {{#if as_low_as}}\n            <span class=\"pricing-as-low-as\">{{lang 'product.as_low_as_price_message'}}</span>\n          {{/if}}\n        {{/if}}\n\n        <span class=\"price-without-tax\">\n          <span data-product-price-wrapper=\"without-tax\">\n            <span data-product-price>\n              {{price.without_tax.formatted}}\n            </span>\n\n            {{#if price.saved}}\n              <span class=\"price-rrp\" data-product-rrp>\n                {{price.rrp_without_tax.formatted}}\n              </span>\n            {{/if}}\n          </span>\n\n          {{#if price.with_tax}}\n            <span class=\"price-tax-label\">{{lang 'product.excluding_tax'}}</span>\n          {{/if}}\n        </span>\n      {{/if}}\n\n      {{#if show_savings}}\n        {{#if price.saved}}\n          <span class=\"price-saved\" data-product-price-saved>\n            ({{lang 'product.you_save'}} {{price.saved.formatted}})\n          </span>\n        {{/if}}\n      {{/if}}\n\n    {{else}}\n      {{#if price.with_tax}}\n        <span class=\"price-with-tax\">\n          <span data-product-price-wrapper=\"with-tax\">\n            <span data-product-price>\n              {{price.with_tax.formatted}}\n            </span>\n\n            {{#if price.saved}}\n              <span class=\"price-rrp\" data-product-rrp>\n                {{price.rrp_with_tax.formatted}}\n              </span>\n            {{/if}}\n          </span>\n\n          {{#if price.without_tax}}\n            <span class=\"price-tax-label\">{{lang 'product.including_tax'}}</span>\n          {{/if}}\n        </span>\n      {{/if}}\n\n      {{#if price.without_tax}}\n        <span class=\"price-without-tax\">\n          <span data-product-price-wrapper=\"without-tax\">\n            <span data-product-price>\n              {{price.without_tax.formatted}}\n            </span>\n\n            {{#if price.saved}}\n              <span class=\"price-rrp\" data-product-rrp>\n                {{price.rrp_without_tax.formatted}}\n              </span>\n            {{/if}}\n          </span>\n\n          {{#if price.with_tax}}\n            <span class=\"price-tax-label\">{{lang 'product.excluding_tax'}}</span>\n          {{/if}}\n        </span>\n      {{/if}}\n\n      {{#if show_savings}}\n        {{#if price.saved}}\n          <span class=\"price-saved\" data-product-price-saved>\n            ({{lang 'product.you_save'}} {{price.saved.formatted}})\n          </span>\n        {{/if}}\n      {{/if}}\n    {{/or}}\n  {{/if}}\n</div>\n","components/cart/cart-preview":"{{#if cart.items}}<span class=\"cart-count\">{{cart.quantity}}</span>{{/if}}\n\n<div class=\"cart-preview-wrap\">\n\n  {{#if cart.items}}\n    <div class=\"cart-preview-body\">\n      <ul class=\"cart-preview-list\">\n        {{#each cart.items}}\n          <li class=\"cart-preview-list-item\">\n\n            <div class=\"cart-preview-list-item-image-wrap\">\n              <div class=\"cart-preview-list-item-image\">\n                {{#if type '===' 'GiftCertificate'}}\n                  <a href=\"javascript:void(0)\">\n                    <img src=\"{{cdn '/assets/icons/giftcard-image.svg'}}\" alt=\"{{recipient}}\">\n                  </a>\n                {{else}}\n                  <a href=\"{{link}}\">\n                    {{#if image}}\n                      <img src=\"{{getImage image 'product_thumbnail'}}\" alt=\"{{name}}\" />\n                    {{else}}\n                      <img src=\"{{cdn '/assets/icons/icon-no-image.svg'}}\" alt=\"{{lang 'product.no_image'}}\">\n                    {{/if}}\n                  </a>\n                {{/if}}\n              </div>\n            </div>\n\n            <div class=\"cart-preview-list-item-details\">\n              <div class=\"cart-preview-list-item-name\">\n                <a href=\"{{url}}\" alt=\"{{name}}\">{{name}}</a>\n              </div>\n\n              <div class=\"cart-preview-list-item-price\">\n                <span class=\"{{#if price_discounted}}cart-item-discount{{/if}}\">\n                  {{{price.formatted}}} <span class=\"cart-preview-list-item-price-quantity\">&times;{{quantity}}</span>\n                </span>\n\n                {{#if price_discounted}}\n                  <span>\n                    {{price_discounted.formatted}} <span class=\"cart-preview-list-item-price-quantity\">&times;{{quantity}}</span>\n                  </span>\n                {{/if}}\n              </div>\n            </div>\n\n          </li>\n        {{/each}}\n      </ul>\n    </div>\n\n    <div class=\"cart-preview-subtotal\">\n      <div class=\"label\">{{lang 'cart.checkout.subtotal'}}</div>\n      <div class=\"total\">{{cart.sub_total.formatted}}</div>\n    </div>\n\n    <div class=\"cart-preview-footer\">\n      <a href=\"{{urls.cart}}\" class=\"button\">{{lang 'header.view_cart'}}</a>\n      <a href=\"{{urls.checkout.single_address}}\" class=\"button button-alt\">{{lang 'cart.checkout_label'}}</a>\n    </div>\n\n  {{else}}\n    <p class=\"cart-preview-empty\">{{lang \"cart.checkout.empty_cart\"}}</p>\n  {{/if}}\n</div>\n","components/navigation-structure":"<ul class=\"navigation-tier nav-menu\" data-primary-tier>\n\n  <li class=\"nav-menu-item\">\n    {{#if theme_settings.global-show-home-in-nav}}\n      <a href=\"{{urls.home}}\">{{lang 'header.home_nav_item'}}</a>\n    {{/if}}\n  </li>\n\n {{#if theme_settings.global-show-categories-in-nav}}\n   {{#if ../theme_settings.categories-display-type '===' 'categories-main-nav'}}\n     {{#each categories}}\n       <li class=\"nav-menu-item {{#if children}}has-dropdown{{/if}}\" {{#if children}}data-primary-toggle{{/if}}>\n         {{> components/navigation-item show_all=../theme_settings.categories-all-link}}\n       </li>\n     {{/each}}\n    {{else}}\n      <li class=\"nav-menu-item has-dropdown\" data-primary-toggle>\n        <a href=\"{{url}}\">{{lang 'header.shop_nav_item'}}</a>\n\n        <ul class=\"navigation-tier nav-submenu\" data-flyout-tier>\n          {{#each categories}}\n            <li class=\"nav-submenu-item {{#if children}}has-dropdown{{/if}}\">\n              <a {{#if children}}href=\"#\" class=\"nav-submenu-toggle\" data-flyout-toggle{{else}}href=\"{{url}}\"{{/if}}>{{name}}</a>\n\n              {{#if children}}\n                <i class=\"icon-plus nav-icon\" data-flyout-toggle></i>\n\n                <ul class=\"navigation-tier nav-submenu\">\n                  <li class=\"nav-submenu-item\">\n                    <a href=\"{{url}}\">{{lang 'header.categories_all_item'}} {{name}}</a>\n                  </li>\n                  {{#each children}}\n                    <li class=\"nav-submenu-item {{#if children}}has-dropdown{{/if}}\">\n                      <a {{#if children}}href=\"#\" class=\"nav-submenu-toggle\" data-flyout-toggle{{else}}href=\"{{url}}\"{{/if}}>{{name}}</a>\n\n                      {{#if children}}\n                        <i class=\"icon-plus nav-icon\" data-flyout-toggle></i>\n\n                        <ul class=\"navigation-tier nav-submenu\">\n                          <li class=\"nav-submenu-item\">\n                            <a href=\"{{url}}\">{{lang 'header.categories_all_item'}} {{name}}</a>\n                          </li>\n                          {{#each children}}\n                            <li class=\"nav-submenu-item\">\n                              <a href=\"{{url}}\">{{name}}</a>\n                            </li>\n                          {{/each}}\n                        </ul>\n                      {{/if}}\n                    </li>\n                  {{/each}}\n                </ul>\n              {{/if}}\n            </li>\n          {{/each}}\n        </ul>\n      </li>\n   {{/if}}\n {{/if}}\n\n {{#if theme_settings.global-show-pages-in-nav}}\n   {{#each pages}}\n     <li class=\"nav-menu-item {{#if children}}has-dropdown{{/if}}\" {{#if children}}data-primary-toggle{{/if}}>\n       {{> components/navigation-item pages=true show_all=../theme_settings.categories-all-link}}\n     </li>\n   {{/each}}\n {{/if}}\n \n  <li class=\"nav-menu-item mobile-list-item\">\n    <a href=\"http://apps.santevia.com/store-finder/\" target=\"_blank\">Store Finder</a>\n  </li>\n\n  {{#if settings.account_creation_enabled}}\n    <li class=\"nav-menu-item mobile-list-item\">\n      {{#if customer}}\n        <a href=\"{{urls.account.index}}\">{{lang 'header.logged_in_as' name=customer.name}}</a>\n        <a href=\"{{urls.auth.logout}}\">{{lang 'header.log_out' }}</a>\n      {{else}}\n        <a href=\"{{urls.auth.login}}\">{{lang 'header.log_in'}}</a>\n      {{/if}}\n    </li>\n  {{/if}}\n\n</ul>\n","components/navigation-item":"<a href=\"{{url}}\">{{name}}</a>\n\n{{#if children}}\n  <i class=\"icon-plus nav-icon\" data-flyout-toggle></i>\n\n  <ul class=\"navigation-tier nav-submenu\" data-flyout-tier>\n    {{#if pages}}\n      {{#if show_all}}\n        {{#if url '!==' '#'}}\n          <li class=\"nav-submenu-item\">\n            <a href=\"{{url}}\">{{name}}</a>\n          </li>\n        {{/if}}\n      {{/if}}\n    {{else}}\n      {{#if show_all}}\n        <li class=\"nav-submenu-item\">\n          <a href=\"{{url}}\">{{lang 'header.categories_all_item'}} {{name}}</a>\n        </li>\n      {{/if}}\n    {{/if}}\n    {{#each children}}\n      <li class=\"nav-submenu-item {{#if children}}has-dropdown{{/if}}\">\n        <a {{#if children}}href=\"#\" class=\"nav-submenu-toggle\" data-flyout-toggle{{else}}href=\"{{url}}\"{{/if}}>{{name}}</a>\n\n        {{#if children}}\n          <i class=\"icon-plus nav-icon\" data-flyout-toggle></i>\n\n          <ul class=\"navigation-tier nav-submenu\" data-flyout-tier>\n            {{#if show_all}}\n              <li class=\"nav-submenu-item\">\n                <a href=\"{{url}}\">{{lang 'header.categories_all_item'}} {{name}}</a>\n              </li>\n            {{/if}}\n            {{#each children}}\n              <li class=\"nav-submenu-item\">\n                <a href=\"{{url}}\">{{name}}</a>\n              </li>\n            {{/each}}\n          </ul>\n        {{/if}}\n      </li>\n    {{/each}}\n  </ul>\n{{/if}}\n"}