{"en":"{\n  \"header\": {\n    \"logged_in_as\": \"Logged in as {name}\",\n    \"log_out\": \"Log out\",\n    \"log_in\": \"Log in\",\n    \"sign_up\": \"Sign up\",\n    \"view_cart\": \"View Cart\",\n    \"cart\": \"Cart\",\n    \"search\": \"Search\",\n    \"home_nav_item\": \"Home\",\n    \"shop_nav_item\": \"Shop\",\n    \"categories_all_item\": \"All\"\n  },\n  \"footer\": {\n    \"credits\": {\n      \"theme_by\": \"theme by\",\n      \"powered_by\": \"powered by\",\n      \"copyright\": \"{name}\"\n    },\n    \"view_all\": \"View All\",\n    \"your_account\": \"Your Account\",\n    \"wishlist\": \"Wishlist\",\n    \"gift_certificate\": \"Gift Certificates\",\n    \"log_in\": \"Log In\",\n    \"log_out\": \"Log Out\",\n    \"currency\": \"Currency\",\n    \"sign_up\": \"Sign Up\",\n    \"headings\": {\n      \"navigation\": \"Navigation\",\n      \"social_media\": \"Social Media\",\n      \"user_links\": \"Account\",\n      \"footer_info\": \"About Us\",\n      \"select_currency\": \"Select Currency\"\n    }\n  },\n  \"home\": {\n    \"heading\": \"Home\",\n    \"new_products\": \"New Products\",\n    \"related_products\": \"Similar Items\",\n    \"featured_products\": \"Featured Products\",\n    \"popular_products\": \"Popular Products\",\n    \"latest_blog\": \"Latest Blog Posts\"\n  },\n  \"blog\": {\n    \"section_title\": \"What's Happening\",\n    \"description\": \"Lorem ipsum dolor sit amet, consectetur adipiscing elit, sed do eiusmod tempor incididunt ut labore et dolore magna aliqua. Ut enim ad minim veniam, quis nostrud exercitation ullamco laboris nisi ut aliquip.\",\n    \"recent_posts\": \"Recent Posts\",\n    \"label\": \"Blog\",\n    \"written_by\": \"Written By\",\n    \"tags\": \"Categories:\",\n    \"read_more\": \"Continue Reading\"\n  },\n  \"social-widgets\": {\n    \"blog_byline\": \"Check out the <a href='{link}'>blog</a> for latest news\",\n    \"twitter_byline\": \"Follow us <a href='{link}'>on Twitter</a>\"\n  },\n  \"brands\": {\n    \"heading\": \"Brands\",\n    \"no_products\": \"There are no products listed under this brand.\"\n  },\n  \"gift_certificate\": {\n    \"heading\": \"Gift Certificates\",\n    \"purchase\": {\n      \"title\": \"Purchase\",\n      \"heading\": \"Purchase Gift Certificate\",\n      \"validation_error\": {\n        \"amount\": \"You must enter a certificate amount between {min} and {max}.\",\n        \"to_name\": \"You must enter a valid recipient name.\",\n        \"to_email\": \"You must enter a valid recipient email.\",\n        \"from_name\": \"You must enter your name.\",\n        \"from_email\": \"You must enter a valid email.\",\n        \"certificate_theme\": \"You must select a gift certificate theme.\",\n        \"agree\": \"You must agree to these terms.\"\n      }\n    },\n    \"redeem\": {\n      \"title\": \"Redeem\",\n      \"heading\": \"Redeem Gift Certificate\",\n      \"intro\": \"To redeem a gift certificate at {store_name}, follow the simple steps below.\",\n      \"item1\": \"You need your unique gift certificate code, which is part of the gift certificate that was emailed to you as an attachment. It will look something like Z50-Y6K-COS-402.\",\n      \"item2\": \"Browse the store and add items to your cart as you normally would.\",\n      \"item3\": \"Click the '<a class='hyperlink' href=\\\"{cart_url}\\\">View Cart</a>' link to view the contents of your shopping cart.\",\n      \"item4\": \"Type your gift certificate code in to the 'Redeem Gift Certificate' box and click 'Go'.\"\n    },\n    \"balance\": {\n      \"title\": \"Balance\",\n      \"heading\": \"Check Gift Certificate Balance\",\n      \"intro\": \"You can check the balance of a gift certificate by typing the code in to the box below.\"\n    }\n  },\n  \"cart\": {\n    \"title\": \"Your Cart\",\n    \"items\": \"{NUM, plural, =0{(0 items)} one {(# item)} other {(# items)}}\",\n    \"label\": \"Cart\",\n    \"checkout_label\": \"Checkout\",\n    \"checkout\": {\n      \"empty_cart\": \"Your shopping cart is currently empty.\",\n      \"remove_confirm\": \"Do you want to remove this product from your cart?\",\n      \"item\": \"Item\",\n      \"brand\": \"Brand\",\n      \"price\": \"Price\",\n      \"quantity\": \"Quantity\",\n      \"total\": \"Total\",\n      \"totals\": \"Totals\",\n      \"update\": \"Update\",\n      \"button\": \"Checkout\",\n      \"subtotal\": \"Subtotal\",\n      \"grand_total\": \"Grand Total\",\n      \"shipping\": \"Shipping\",\n      \"promo_code\": \"Promo Code\",\n      \"gift_wrapping\": \"Gift Wrapping\"\n    },\n    \"gift_wrapping\": {\n      \"title\": \"Gift Wrapping:\",\n      \"add\": \"Add Gift Wrapping\",\n      \"change\": \"Change\",\n      \"remove\": \"Remove\",\n      \"choose_how\": \"Please choose how you'd like to have this item gift wrapped.\",\n      \"item_single\": \"Wrap all in:\",\n      \"item_multiple\": \"Wrap item {index} in:\",\n      \"option_same\": \"Wrap each item using the same wrapping options\",\n      \"option_different\": \"Use different wrapping options for each item\",\n      \"choose_type\": \"Choose a gift wrap\",\n      \"gift_message\": \"Gift Message:\",\n      \"preview\": \"Wrapping Preview\"\n    },\n    \"coupons\": {\n      \"coupon\": \"Coupon: {coupon}\",\n      \"remove_link\": \"Remove\",\n      \"coupon_code\": \"Coupon Code\",\n      \"cancel\": \"Cancel\",\n      \"add_code\": \"Enter Coupon Code\",\n      \"add_code_label\": \"Coupon Code\",\n      \"code_label\": \"({code})\",\n      \"button\": \"Submit\"\n    },\n    \"gift_certificates\": {\n      \"giftcert\": \"Gift Certificate: {code}\",\n      \"add_certificate\": \"Enter Gift Certificate\",\n      \"add_cert_label\": \"Gift Certificate\",\n      \"cancel\": \"Cancel\",\n      \"button\": \"Submit\",\n      \"remove_link\": \"(Remove)\",\n      \"empty_error\": \"You cannot submit with an empty gift certificate\",\n      \"code_totals_label\": \"({code})\"\n    },\n    \"shipping_estimator\": {\n      \"add_info\": \"Calculate Shipping\",\n      \"select_a_country\": \"Country\",\n      \"select_a_state\": \"State/Province\",\n      \"zip_postal_code\": \"Zip/Postal Code\",\n      \"estimate_shipping\": \"Estimate Shipping\",\n      \"free_shipping\": \"Free shipping\",\n      \"hide_ups_rates\": \"Hide UPS Rates\",\n      \"show_ups_rates\": \"Show UPS Rates\",\n      \"errors\": {\n        \"shipping_quote_failure\": \"There was a problem retrieving your shipping quote\",\n        \"state_error\": \"There was a problem retrieving states/provinces\"\n      }\n    }\n  },\n  \"checkout\": {\n    \"order\": {\n      \"heading\": \"Order Complete\",\n      \"message\": \"Congratulations! Your order is complete.\"\n    }\n  },\n  \"rss\": {\n    \"heading\": \"RSS Syndication\",\n    \"intro\": \"RSS feeds are used for syndicating regularly changing content on a web site, including this one. You can open an RSS feed using an RSS reader and use it to see if there is any new content on this site or you can set up a server-side script to parse the feed and display it on your web site.\",\n    \"blog\": {\n      \"heading\": \"Recent Blog Posts\",\n      \"intro\": \"The recent post feed contains the latest {limit} blog posts published on {store}.\",\n      \"rss\": \"Latest {limit} Blog Posts (RSS)\",\n      \"rss_atom\": \"Latest {limit} Blog Posts (Atom)\"\n    },\n    \"products\": {\n      \"new\": {\n        \"heading\": \"New Products\",\n        \"intro\": \"The latest products feed contains the latest {limit} products added to {store}.\",\n        \"rss\": \"Latest {limit} New Products (RSS)\",\n        \"rss_atom\": \"Latest {limit} New Products (Atom)\"\n      },\n      \"popular\": {\n        \"heading\": \"Popular Products\",\n        \"intro\": \"The popular products feed contains the top {limit} most popular products on {store} as rated by users.\",\n        \"rss\": \"Latest {limit} Popular Products (RSS)\",\n        \"rss_atom\": \"Latest {limit} Popular Products (Atom)\"\n      },\n      \"featured\": {\n        \"heading\": \"Featured Products\",\n        \"intro\": \"The featured products feed contains the latest {limit} featured products on {store}.\",\n        \"rss\": \"Latest {limit} Featured Products (RSS)\",\n        \"rss_atom\": \"Latest {limit} Featured Products (Atom)\"\n      }\n    },\n    \"search\": {\n      \"heading\": \"Product Searches\",\n      \"intro1\": \"Product search feeds allow you to save your custom product searches as syndication feed that will always update when there are new results.\",\n      \"intro2\": \"To create a product search feed, perform a standard search on {store} and at the bottom of the page click on one of the syndication options.\"\n    }\n  },\n  \"errors\": {\n    \"forbidden\": {\n      \"heading\": \"403 Error — Forbidden\",\n      \"message\": \"Uh oh, you're not allowed to be here. Nothing to see, please move along.\"\n    },\n    \"page_not_found\": {\n      \"heading\": \"404 Error - Page not found\",\n      \"message\": \"Uh oh, looks like the page you are looking for has moved or no longer exists.\"\n    },\n    \"server_error\": {\n      \"heading\": \"500 Error - Internal error\",\n      \"message\": \"Uh oh, looks like something went wrong.\"\n    }\n  },\n  \"newsletter\": {\n    \"heading\": \"Newsletter\",\n    \"label\": \"Sign up for our newsletter\",\n    \"email\": \"email\",\n    \"subscribe\": \"Submit\",\n    \"subscribed_heading\": \"Thanks for Subscribing!\",\n    \"subscribed_heading_error\": \"Oops...\",\n    \"subscribed_message\": \"Thank you for joining our mailing list. You'll be sent the next issue of our newsletter shortly.\",\n    \"subscribed_error\": \"Oops... Something went wrong. Please try again, and ensure you are not already subscribed.\",\n    \"unsubscribed_heading\": \"Unsubscribed!\",\n    \"unsubscribed_message\": \"You will no longer receive marketing emails from <strong>{store_name}</strong>\"\n  },\n  \"common\": {\n    \"currency_converter\": \"Currency Converter\",\n    \"newsletter_signup\": \"Sign up for our newsletter\",\n    \"form_submit\": \"Submit\",\n    \"required\": \"*\",\n    \"email_address\": \"Email Address\",\n    \"edit\": \"Edit\",\n    \"no\": \"No\",\n    \"yes\": \"Yes\",\n    \"cancel\": \"Cancel\",\n    \"share\": \"Share\",\n    \"delete\": \"Delete\",\n    \"public\": \"Public\",\n    \"private\": \"Private\",\n    \"view_all\": \"View All\",\n    \"title\": \"Title\",\n    \"brand\": \"Brand\",\n    \"price\": \"Price\",\n    \"summary\": \"Summary\",\n    \"rating\": \"Rating\",\n    \"including_tax\": \"(incl. tax)\",\n    \"excluding_tax\": \"(excl. tax)\",\n    \"paginator\": {\n      \"page_of\": \"Page {current} of {total}\"\n    },\n    \"pagination\": {\n      \"page\": \"Page\",\n      \"next\": \"Next\",\n      \"previous\": \"Prev\",\n      \"of\": \"of\"\n    },\n    \"prices_are_in\": \"Prices are in {CODE}\",\n    \"previous\": \"Previous\",\n    \"next\": \"Next\",\n    \"sorter\": {\n      \"sort_by\": \"Sort By:\",\n      \"featured\": \"Featured Items\",\n      \"top_sellers\": \"Best Selling\",\n      \"newest\": \"Newest Items\",\n      \"alpha_asc\": \"A to Z\",\n      \"alpha_desc\": \"Z to A\",\n      \"reviews\": \"By Review\",\n      \"price_asc\": \"Price: Ascending\",\n      \"price_desc\": \"Price: Descending\"\n    },\n    \"loading\": \"Loading\"\n  },\n  \"category\": {\n    \"label\": \"Categories\",\n    \"sidebar\": {\n      \"current_filters\": \"Current Filters\",\n      \"max_price\": \"Max\",\n      \"min_price\": \"Min\",\n      \"update\": \"Update\",\n      \"sort_by\": \"Sort By\",\n      \"featured\": \"Featured\",\n      \"newest\": \"Newest\",\n      \"top_sellers\": \"Top Sellers\",\n      \"alpha_asc\": \"A-Z\",\n      \"alpha_desc\": \"Z-A\",\n      \"rating\": \"Rating\",\n      \"price_asc\": \"Price: Low to High\",\n      \"price_desc\": \"Price: High to Low\",\n      \"show_more\": \"Show More\"\n    }\n  },\n  \"brand\": {\n    \"label\": \"Brands\",\n    \"view_brands\": \"View all brands\"\n  },\n  \"page\": {\n    \"label\": \"Quick Links\"\n  },\n  \"product\": {\n    \"sku\": \"SKU\",\n    \"upc\": \"UPC\",\n    \"event_bounds\": \"Between {start_date} and {end_date}\",\n    \"size\": {\n      \"label\": \"size\",\n      \"width\": \"W\",\n      \"height\": \"H\",\n      \"length\": \"L\"\n    },\n    \"condition\": \"Condition\",\n    \"availability\": \"Availability\",\n    \"excluding_tax\": \"(exc tax)\",\n    \"including_tax\": \"(inc tax)\",\n    \"on_sale\": \"On Sale\",\n    \"warranty\": \"Warranty\",\n    \"message\": \"Messages\",\n    \"none\": \"None\",\n    \"pick_one\": \"Pick One\",\n    \"no_image\": \"No Image\",\n    \"gift_wrapping\": \"Gift Wrapping\",\n    \"gift_wrapping_available\": \"Gift Wrapping Available\",\n    \"release_date\": \"Release Date\",\n    \"shipping\": \"Shipping Cost\",\n    \"shipping_fixed\": \"{amount} (Fixed Shipping Cost)\",\n    \"shipping_free\": \"Free Shipping\",\n    \"shipping_calculated\": \"Calculated at Checkout\",\n    \"as_low_as_price_message\": \"from\",\n    \"sold_out\": \"Sold Out\",\n    \"pre_order\": \"Pre-Order Now\",\n    \"choose_options\": \"Choose Options\",\n    \"quick_view\": \"Quick view\",\n    \"unavailable\": \"Unavailable\",\n    \"view_product\": \"View Product\",\n    \"compare\": \"Compare\",\n    \"max_filesize\": \"Maximum file size is\",\n    \"filetypes\": \"file types are\",\n    \"select_one\": \"Please select one\",\n    \"brand\": \"Brand\",\n    \"options\": \"options\",\n    \"add_to_wishlist\": \"Add to Wishlist\",\n    \"add_to_cart\": \"Add to Cart\",\n    \"choose_file\": \"Choose File\",\n    \"select_an_option\": \"Please Choose An Option\",\n    \"quantity\": \"Quantity\",\n    \"upload\": \"Upload\",\n    \"none_selected\": \"None Selected\",\n    \"you_save\": \"You save\",\n    \"sale\": \"On Sale\",\n    \"quick_shop\": \"Quick Shop\",\n    \"success\": \"*product* has been successfully added to your *cart_link*. Feel free to *continue_link* or *checkout_link*.\",\n    \"error_message_stock\": \"Unfortunately, we do not have *quantity* in stock.\",\n    \"error_zero_quantity\": \"You must select a quantity of at least 1 or more in order to purchase.\",\n    \"error_message_general\": \"We were unable to add this product to your cart. Please try again later. Contact us if you continue to have issues.\",\n    \"cart_link\": \"cart\",\n    \"home_link\": \"continue shopping\",\n    \"checkout_link\": \"check out\",\n    \"reviews\": {\n      \"reviews_heading\": \"Reviews\",\n      \"rating\": \"rating\",\n      \"write_review\": \"Write a Review\",\n      \"no_reviews\": \"There are no reviews yet.\",\n      \"total_based_on\": \"<strong>{score}</strong> based on {numReviews, plural, one{# review} other{# reviews}}.\",\n      \"leave_review\": \"Leave a Review\",\n      \"rating_label\": \"Your Rating:\",\n      \"written_by_on\": \"Written by {name} on {date}\",\n      \"form\": {\n        \"name\": \"Name\",\n        \"your_name\": \"Your Name\",\n        \"subject\": \"Subject\",\n        \"stars_count\": \"{NUM, plural, one {# Star} other {# Stars}}\",\n        \"your_subject\": \"Your Review Subject\",\n        \"email\": \"Email Address\",\n        \"your_email\": \"Your Email Address\",\n        \"comments\": \"Comments\",\n        \"rating_required\": \"Please choose a rating.\",\n        \"your_comments\": \"Your Comments\",\n        \"submit\": \"Submit Review\"\n      },\n      \"count\": {\n        \"1\": \"1\",\n        \"2\": \"2\",\n        \"3\": \"3\",\n        \"4\": \"4\",\n        \"5\": \"5\"\n      }\n    },\n    \"bulk_pricing\": {\n      \"title\": \"Bulk Discounts:\",\n      \"see_pricing\": \"See Pricing\",\n      \"instructions\": \"Below are the available bulk discount rates for each individual item when you purchase a certain amount\",\n      \"range\": \"Buy {min} {max, plural, =0{or above} other {- #}}\",\n      \"percent\": \"and get {discount} off\",\n      \"price\": \"and get {discount} off\",\n      \"fixed\": \"and pay only {discount} each\"\n    }\n  },\n  \"compare\": {\n    \"heading\": \"Compare Products\",\n    \"remove\": \"Remove\",\n    \"compare_up_to_x_items\": \"Compare up to {num} items:\",\n    \"clear_compare\": \"Clear Selection\",\n    \"compare_submit\": \"Compare Products\",\n    \"rating\": \"Rating\",\n    \"no_rating\": \"No rating\",\n    \"description\": \"Description\"\n  },\n  \"contact\": {\n    \"message\": \"How can we help?\",\n    \"success\": \"Thanks for the message! You should expect to hear from us shortly.\",\n    \"continue_shopping\": \"Continue Shopping\",\n    \"full_name\": \"Full Name\",\n    \"full_name_placeholder\": \"Full Name\",\n    \"phone\": \"Phone\",\n    \"phone_placeholder\": \"Phone\",\n    \"email\": \"Email\",\n    \"email_placeholder\": \"Email\",\n    \"order\": \"Order Number\",\n    \"order_placeholder\": \"Order Number\",\n    \"company\": \"Company\",\n    \"company_placeholder\": \"Company\",\n    \"rma\": \"RMA\",\n    \"captcha\": \"Captcha\",\n    \"captcha_desc\": \"Please copy the characters from the image into the text field below. Doing this helps us prevent automated submissions.\",\n    \"question\": \"Question\",\n    \"question_placeholder\": \"Question\",\n    \"submit\": \"Submit\"\n  },\n  \"forms\": {\n    \"validation\": {\n      \"required\": \"This field is required\",\n      \"required_rating\": \"You must rate this product\",\n      \"required_comment\": \"You must leave a comment\",\n      \"email\": \"Your E-mail address appears to be invalid.\",\n      \"number\": \"You can enter only numbers in this field.\",\n      \"num_max\": \"Please enter a number less than {max}.\",\n      \"num_min\": \"Please enter a number greater than {min}.\",\n      \"num_range\": \"Please enter a number greater than {min} and less than {max}.\",\n      \"max_length\": \"Maximum {count} characters allowed.\",\n      \"min_length\": \"Minimum {count} characters allowed.\",\n      \"max_checked\": \"Maximum {count} options allowed.\",\n      \"min_checked\": \"Please select minimum {count} options.\",\n      \"max_selected\": \"Maximum {count} selection allowed.\",\n      \"min_selected\": \"Minimum {count} selection allowed.\",\n      \"not_equal\": \"Fields do not match.\",\n      \"different\": \"Fields cannot be the same as each other.\",\n      \"pick_theme\": \"Please select a theme.\",\n      \"terms_agree\": \"You must agree to these terms before continuing.\",\n      \"accepted_file_types\": \"Accepted file types: {file_types}\",\n      \"all_accepted_file_types\": \"All file types supported\"\n    },\n    \"range\": \"You need to enter numbers only between: {limitTo} and {limitFrom}\",\n    \"file_upload_text\": \"File..\",\n    \"required\": \"*\",\n    \"create_account\": {\n      \"submit_value\": \"Create Account\"\n    },\n    \"address\": {\n      \"add\": {\n        \"heading\": \"Add New Address\",\n        \"description\": \"Use the form below to change any/all details of your shipping address. Click the 'Save Address' button when you are done.\"\n      },\n      \"edit\": {\n        \"heading\": \"Update Address\"\n      },\n      \"submit_value\": \"Save Address\"\n    },\n    \"gift_certificate\": {\n      \"purchase\": {\n        \"to_name\": \"Recipient's Name\",\n        \"to_email\": \"Recipient's Email\",\n        \"from_name\": \"Your Name\",\n        \"from_email\": \"Your Email\",\n        \"message\": \"Optional Message\",\n        \"amount\": \"Amount\",\n        \"theme\": \"Gift Certificate Theme\",\n        \"custom_range\": \"(Value must be between {min} and {max})\",\n        \"agree\": \"I understand that Gift Certificates expire after {days, plural, one {1 day} other {# days}}\",\n        \"agree2\": \"I agree that Gift Certificates are nonrefundable\",\n        \"preview\": \"Preview\",\n        \"preview_error\": \"There was a problem loading the preview. Please try again later.\",\n        \"submit_value\": \"Add Gift Certificate to Cart\"\n      },\n      \"balance\": {\n        \"code\": \"Gift Certificate Code\",\n        \"submit_value\": \"Check Balance\"\n      }\n    },\n    \"wishlist\": {\n      \"name\": \"Wishlist Name:\",\n      \"public\": \"Share Wishlist?\"\n    },\n    \"swatches_none_selected\": \"None Selected\",\n    \"date\": {\n      \"day\": \"Day\",\n      \"month\": \"Month\",\n      \"year\": \"Year\",\n      \"bounds\": \"Between {start_date} and {end_date}\"\n    }\n  },\n  \"search\": {\n    \"title\": \"Search\",\n    \"results\": \"Search results for \\\"{query}\\\"\",\n    \"content_tab_count\": \"{count, plural, =0{0} one {#} other {#}}\",\n    \"no_results\": \"Sorry, \\\"{query}\\\" didn't return any results.\",\n    \"empty\": \"No Results.\",\n    \"empty_for_content\": \"Sorry, no content results were found for ‘{query}’\",\n    \"faceted\": {\n      \"selected\": {\n        \"title\": \"Refine by\",\n        \"no_filters\": \"No filters applied\",\n        \"clear_all\": \"Clear all filters\"\n      },\n      \"range\": {\n        \"update\": \"Update\",\n        \"min_placeholder\": \"Min.\",\n        \"max_placeholder\": \"Max.\"\n      },\n      \"rating\": {\n        \"and_up\": \"& up\"\n      },\n      \"clear\": \"Clear\",\n      \"more\": \"More\",\n      \"show_more\": \"Show More\",\n      \"show_less\": \"Show Less\",\n      \"toggle_filters\": \"Toggle Filters\",\n      \"browse_by\": \"Browse by\"\n    },\n    \"tabs\": {\n      \"products\": \"Products\",\n      \"information\": \"Blog Posts & Pages\"\n    },\n    \"read_more\": \"Continue Reading\"\n  },\n  \"date\": {\n    \"day\": \"Day\",\n    \"month\": \"Month\",\n    \"year\": \"Year\"\n  },\n  \"sharing_buttons\": {\n    \"sharing_label\": \"Share\"\n  },\n  \"create_account\": {\n    \"heading\": \"New Account\",\n    \"captcha_heading\": \"Security Question\",\n    \"created\": {\n      \"heading\": \"Your Account Has Been Created\",\n      \"intro\": \"Thank you for creating your account at {store_name}. Your account details have been emailed to {email}.\",\n      \"continue\": \"Continue Shopping\"\n    }\n  },\n  \"login\": {\n    \"heading\": \"Login\",\n    \"field_email\": \"Email Address:\",\n    \"field_password\": \"Password:\",\n    \"submit_value\": \"Login\",\n    \"forgot_password\": \"Forgot Password?\",\n    \"new_customer\": {\n      \"heading\": \"New Customer?\",\n      \"intro\": \"Create an account with us and you'll be able to:\",\n      \"fact1\": \"Check out faster\",\n      \"fact2\": \"Save multiple shipping addresses\",\n      \"fact3\": \"Access your order history\",\n      \"fact4\": \"Track new orders\",\n      \"fact5\": \"Save items to your wish list\",\n      \"create_account\": \"Create Account\"\n    }\n  },\n  \"reset_password\": {\n    \"heading\": \"Reset Password\",\n    \"intro\": \"Fill in your email below to request a new password. An email will be sent to the address below containing a link to verify your email address.\"\n  },\n  \"products\": {\n    \"no_products\": \"We're sorry, there don't seem to be any results that meet your criteria.\",\n    \"no_image\": \"No Image\",\n    \"current_stock\": \"Current Stock\",\n    \"quantity\": \"Quantity:\",\n    \"quantity_decrease\": \"Decrease Quantity:\",\n    \"quantity_increase\": \"Increase Quantity:\",\n    \"related_products\": \"Related Products\",\n    \"top\": \"Most Popular Products\",\n    \"similar_by_views\": \"Customers Also Viewed\",\n    \"featured\": \"Featured Products\",\n    \"file_option_set\": \"Currently: <a href=\\\"{url}\\\" target=\\\"_blank\\\">{name}</a>\",\n    \"max_filesize\": \"Maximum file size is\",\n    \"filetypes\": \"file types are\",\n    \"new\": \"New Products\",\n    \"compare\": \"Compare\",\n    \"tabs\": {\n      \"details\": \"Details\",\n      \"reviews\": \"Reviews\",\n      \"videos\": \"Videos\"\n    },\n    \"videos\": {\n      \"header\": \"Videos\",\n      \"hide\": \"Hide Videos\",\n      \"show\": \"Show Videos\"\n    },\n    \"add_to_cart\": \"Add to Cart\",\n    \"options\": \"Options\",\n    \"sku\": \"SKU\",\n    \"condition\": \"Condition\",\n    \"availability\": \"Availability\",\n    \"shipping\": \"Shipping Cost\",\n    \"shipping_fixed\": \"{amount} (Fixed Shipping Cost)\",\n    \"shipping_free\": \"Free Shipping\",\n    \"sold_out\": \"Sold Out\",\n    \"pre_order\": \"Pre-Order Now\",\n    \"choose_options\": \"Choose Options\",\n    \"quick_view\": \"Quick view\",\n    \"choose_an_option\": \"Please choose an option\",\n    \"select_one\": \"Please select one\",\n    \"description\": \"Description\",\n    \"retail_price\": \"MSRP {price}\",\n    \"price_with_tax\": \"{price} (Inc. {tax_label})\",\n    \"price_without_tax\": \"{price} (Ex. {tax_label})\",\n    \"price_was\": \"was\",\n    \"price_now\": \"now\",\n    \"weight\": \"Weight\",\n    \"you_save\": \"(You save {amount})\",\n    \"none\": \"None\"\n  },\n  \"sitemap\": {\n    \"heading\": \"Sitemap\",\n    \"show_all\": \"Show All\"\n  },\n  \"account\": {\n    \"common\": {\n      \"yes\": \"Yes\",\n      \"no\": \"No\",\n      \"edit\": \"Edit\",\n      \"delete\": \"Delete\",\n      \"share\": \"Share\",\n      \"required\": \"Required\",\n      \"cancel\": \"Cancel\"\n    },\n    \"menu\": {\n      \"orders\": \"Orders\",\n      \"returns\": \"Returns\",\n      \"addresses\": \"Addresses\",\n      \"wishlists\": \"Wishlists\",\n      \"recently_viewed\": \"Recently Viewed\",\n      \"settings\": \"Account Settings\",\n      \"messages\": \"Messages\"\n    },\n    \"orders\": {\n      \"heading\": \"Orders\",\n      \"return_items\": \"Return Items\",\n      \"summary\": \"Summary\",\n      \"empty\": \"You haven't placed any orders.\",\n      \"details\": {\n        \"heading\": \"Order #{number}\",\n        \"summary\": \"Summary\",\n        \"order_contents\": \"Order Contents\",\n        \"ship_to\": \"Ship To\",\n        \"bill_to\": \"Bill To\",\n        \"ship_bill_to\": \"Ship and Bill To\",\n        \"payment_details\": \"Payment Info\",\n        \"payment_method\": \"Payment Method\",\n        \"contact_us\": \"Contact Us\",\n        \"comments\": \"Order Instructions/Comments\",\n        \"contact_text\": \"If you have any questions or concerns about your order don’t hesitate to contact us!\",\n        \"download_items\": \"Download Items\",\n        \"store_credit\": \"Store credit\",\n        \"print_invoice\": \"Print Invoice\",\n        \"reorder\": \"Reorder\",\n        \"refunded_quantity\": \"{qty} refunded\",\n        \"gift_wrapping\": \"Gift wrapping\",\n        \"shipments\": {\n          \"title\": \"Shipments\",\n          \"date\": \"Date Shipped\",\n          \"method\": \"Shipping Method\",\n          \"link\": \"Tracking Link\"\n        }\n      },\n      \"return\": {\n        \"already_returned\": \"This order contains no products that can be returned. Have you already returned all of the items within this order?\",\n        \"back_button\": \"Go back\",\n        \"order_item\": \"Item\",\n        \"item_price\": \"Price\",\n        \"quantity\": \"Qty To Return\",\n        \"why\": \"Why are you returning these items?\",\n        \"reason\": \"Return Reason\",\n        \"action\": \"Return Action\",\n        \"comments\": \"Comments\",\n        \"return_details\": \"Details\",\n        \"request_return\": \"Submit Return Request\"\n      },\n      \"downloads\": {\n        \"heading\": \"Order #{number} Downloads\",\n        \"download_files_below\": \"Below you can download the files for\",\n        \"expired_content\": \"This file can not be downloaded because it has already expired.\"\n      },\n      \"list\": {\n        \"order_item_name\": \"Item\",\n        \"order_number\": \"Order #\",\n        \"order_total\": \"Total\",\n        \"order_date\": \"Placed\",\n        \"order_update\": \"Updated\",\n        \"order_status\": \"Status\",\n        \"order_comment\": \"Comments\",\n        \"quantity\": \"Quantity\",\n        \"price\": \"Price\",\n        \"download\": \"Files\",\n        \"download_items\": \"Download Items\",\n        \"show_details\": \"Show Details\",\n        \"hide_details\": \"Hide Details\"\n      },\n      \"invoice\": {\n        \"order_details\": \"{store_name} Order #{order_id}\",\n        \"order_number\": \"Order ID: #{order_id}\",\n        \"order_date\": \"Order Date: {order_date}\",\n        \"order_contains\": \"Order Contains:\"\n      }\n    },\n    \"addresses\": {\n      \"heading\": \"Addresses\",\n      \"add_heading\": \"Add New Address\",\n      \"primary\": \"Primary\",\n      \"phone\": \"Phone: {phone_number}\",\n      \"new_address\": \"New Address\",\n      \"no_addresses\": \"You currently have no addresses added to your profile\",\n      \"submit\": \"Save Address\"\n    },\n    \"wishlists\": {\n      \"heading\": \"Wishlists\",\n      \"tag_line\": \"Fill in the form below to create a wishlist. Click the \\\"Save\\\" button when you're done.\",\n      \"new\": \"New Wishlist\",\n      \"num_items\": \"Items\",\n      \"add_item\": \"Add to wishlist\",\n      \"wishlist_name\": \"Wishlist Name\",\n      \"make_public\": \"Make wishlist public\",\n      \"public\": \"Public\",\n      \"action\": \"Action\",\n      \"add\": \"Add Wishlist\",\n      \"delete_all\": \"Delete All\",\n      \"edit\": \"Edit Wishlist\",\n      \"view_heading\": \"Wishlist: {name}\",\n      \"share_intro\": \"Share this wishlist with friends\",\n      \"wishlist_content\": \"Wishlist Contents\",\n      \"num_products\": \"{num_products, plural, one {1 product} other {# products}}\",\n      \"create\": \"Create Wishlist\",\n      \"save\": \"Save Wishlist\",\n      \"compare\": \"Compare\",\n      \"empty\": \"You have no wishlists.\"\n    },\n    \"recent_items\": {\n      \"heading\": \"Recently Viewed\",\n      \"compare\": \"Compare\",\n      \"empty\": \"You haven't viewed any items recently.\"\n    },\n    \"returns\": {\n      \"heading\": \"Returns\",\n      \"new_return\": \"New Return\",\n      \"from_order\": \"Return Items from Order #{id}\",\n      \"date_requested\": \"Return Requested\",\n      \"successful_heading\": \"Return Request Submitted\",\n      \"successful\": \"Your return was submitted successfully. We'll respond as soon as we can.\",\n      \"return\": \"Return to Orders\",\n      \"last_update\": \"Last Update\",\n      \"reason\": \"Reason for Return\",\n      \"action\": \"Return Action\",\n      \"comments\": \"Your Comments\",\n      \"empty\": \"You haven't made any returns.\",\n      \"list\": {\n        \"return_number\": \"Return #\",\n        \"product_details\": \"Returning {num_products}\",\n        \"return_item_name\": \"Item\",\n        \"return_quantity\": \"Quantity\",\n        \"return_date\": \"Requested\",\n        \"return_action\": \"Action\",\n        \"return_status\": \"Status\",\n        \"show_details\": \"Show Details\",\n        \"hide_details\": \"Hide Details\"\n      },\n      \"status\": {\n        \"pending\": \"Pending\",\n        \"received\": \"Received\",\n        \"authorized\": \"Authorized\",\n        \"repaired\": \"Repaired\",\n        \"refunded\": \"Refunded\",\n        \"rejected\": \"Rejected\",\n        \"cancelled\": \"Cancelled\"\n      }\n    },\n    \"settings\": {\n      \"heading\": \"Account Settings\",\n      \"first_name\": \"First Name\",\n      \"last_name\": \"Last Name\",\n      \"email\": \"Email Address\",\n      \"company\": \"Company\",\n      \"phone\": \"Phone Number\",\n      \"old_password\": \"Old Password\",\n      \"new_password\": \"New Password\",\n      \"confirm_password\": \"Confirm Password\",\n      \"update_details\": \"Update Details\"\n    },\n    \"messages\": {\n      \"heading\": \"Messages\",\n      \"customer_said\": \"You said:\",\n      \"merchant_said\": \"{store_name} said:\",\n      \"send_message\": \"Send a Message\",\n      \"no_messages\": \"You have no messages at this time.\",\n      \"list\": {\n        \"message_date\": \"Date\",\n        \"message_subject\": \"Subject\",\n        \"message_name\": \"Message\"\n      }\n    },\n    \"inbox\": {\n      \"order\": \"Order\",\n      \"order_display\": \"Order #{id} / {date} / {total}\",\n      \"subject\": \"Subject\",\n      \"message\": \"Message\",\n      \"submit\": \"Send Message\",\n      \"clear\": \"Clear\"\n    },\n    \"products\": {\n      \"current_stock\": \"Current Stock:\",\n      \"quantity\": \"Quantity:\",\n      \"quantity_decrease\": \"Decrease Quantity:\",\n      \"quantity_increase\": \"Increase Quantity:\",\n      \"related_products\": \"Related Products\",\n      \"top\": \"Most Popular Products\",\n      \"similar_by_views\": \"Customers Also Viewed\",\n      \"featured\": \"Featured Products\",\n      \"new\": \"New Products\",\n      \"tabs\": {\n        \"details\": \"Details\",\n        \"reviews\": \"Reviews\",\n        \"delivery\": \"Delivery\"\n      },\n      \"reviews\": {\n        \"captcha_heading\": \"Security Question\",\n        \"hide\": \"Hide Reviews\",\n        \"new\": \"Write a Review\",\n        \"show\": \"Show Reviews\",\n        \"header\": \"{total, plural, =0{0 Reviews} one {# Review} other {# Reviews}}\",\n        \"rating_label\": \"Rating\",\n        \"link_to_review\": \"({total, plural, =0{No reviews yet} one {# review} other {# reviews}})\",\n        \"post_on_by\": \"Posted by { name } on { date }\",\n        \"select_rating\": \"Select Rating\",\n        \"anonymous_poster\": \"Unknown\",\n        \"rating\": {\n          \"1\": \"1 star (worst)\",\n          \"2\": \"2 stars\",\n          \"3\": \"3 stars (average)\",\n          \"4\": \"4 stars\",\n          \"5\": \"5 stars (best)\"\n        },\n        \"write_a_review\": \"Write a Review\",\n        \"form_write\": {\n          \"name\": \"Name\",\n          \"email\": \"Email\",\n          \"subject\": \"Review Subject\",\n          \"comments\": \"Comments\",\n          \"submit_value\": \"Submit Review\"\n        }\n      },\n      \"videos\": {\n        \"header\": \"Videos\",\n        \"hide\": \"Hide Videos\",\n        \"show\": \"Show Videos\"\n      },\n      \"add_to_cart\": \"Add to Cart\",\n      \"options\": \"Options\",\n      \"sku\": \"SKU\",\n      \"condition\": \"Condition\",\n      \"availability\": \"Availability\",\n      \"shipping\": \"Shipping Cost\",\n      \"shipping_fixed\": \"{amount} (Fixed Shipping Cost)\",\n      \"shipping_free\": \"Free Shipping\",\n      \"sold_out\": \"Sold Out\",\n      \"pre_order\": \"Pre-Order Now\",\n      \"choose_options\": \"Choose Options\",\n      \"quick_view\": \"Quick view\",\n      \"compare\": \"Compare\",\n      \"max_filesize\": \"Maximum file size is\",\n      \"filetypes\": \"file types are\",\n      \"choose_an_option\": \"Please choose an option\",\n      \"select_one\": \"Please select one\",\n      \"description\": \"Description\",\n      \"retail_price\": \"MSRP {price}\",\n      \"price_with_tax\": \"{price} (Inc. {tax_label})\",\n      \"price_without_tax\": \"{price} (Ex. {tax_label})\",\n      \"weight\": \"Weight\",\n      \"you_save\": \"(You save {amount})\"\n    },\n    \"auth\": {\n      \"forms\": {\n        \"email_address\": \"Email Address\",\n        \"required\": \"Required\",\n        \"state_error\": \"There was a problem retrieving states/provinces\"\n      },\n      \"login\": {\n        \"title\": \"Account\",\n        \"log_in\": \"Log in\",\n        \"password\": \"Password\",\n        \"submit\": \"Submit\",\n        \"forgot_password\": \"Forgot Password\",\n        \"new_customer\": {\n          \"title\": \"New Customer\",\n          \"intro\": \"Create an account with us and you'll be able to:\",\n          \"fact1\": \"Check out faster\",\n          \"fact2\": \"Save multiple shipping addresses\",\n          \"fact3\": \"Access your order history\",\n          \"fact4\": \"Track new orders\",\n          \"fact5\": \"Save items to your wish list\",\n          \"create_account\": \"Create Account\"\n        }\n      },\n      \"create_account\": {\n        \"title\": \"Create Account\",\n        \"submit\": \"Create Account\",\n        \"captcha\": \"Captcha\"\n      },\n      \"account_created\": {\n        \"title\": \"Account Created\",\n        \"message\": \"Your {store_name} account was created with the email address: {email}\",\n        \"continue\": \"Continue\"\n      },\n      \"forgot_password\": {\n        \"title\": \"Forgot Password\",\n        \"message\": \"Forget your password?\",\n        \"submit\": \"Reset Password\",\n        \"success_message\": \"Great! We've sent you an email with instructions on how to reset your password.\"\n      },\n      \"new_password\": {\n        \"title\": \"New Password\"\n      }\n    }\n  },\n  \"core\": {\n    \"pagination\": {\n      \"page\": \"Page\",\n      \"of\": \"of\",\n      \"previous\": \"Previous\",\n      \"next\": \"Next\"\n    },\n    \"product\": {\n      \"compare\": \"Compare\",\n      \"sale\": \"On Sale\",\n      \"pick_one\": \"Pick one\",\n      \"quickshop\": {\n        \"view\": \"Quick View\"\n      }\n    },\n    \"rating\": {\n      \"total_votes\": \"({votes})\"\n    },\n    \"price\": {\n      \"with_tax\": \"(Inc. {tax_label})\",\n      \"without_tax\": \"(Ex. {tax_label})\",\n      \"you_save\": \"(You save {amount})\"\n    },\n    \"contact\": {\n      \"full_name\": \"Full Name\",\n      \"full_name_placeholder\": \"Full Name\",\n      \"phone\": \"Phone Number\",\n      \"phone_placeholder\": \"Phone Number\",\n      \"email\": \"Email Address\",\n      \"email_placeholder\": \"Email Address\",\n      \"order\": \"Order Number\",\n      \"order_placeholder\": \"Order Number\",\n      \"company\": \"Company Name\",\n      \"company_placeholder\": \"Company Name\",\n      \"rma\": \"RMA Number\",\n      \"rma_placeholder\": \"RMA Number\",\n      \"captcha\": \"Are you human?\",\n      \"captcha_placeholder\": \"Captcha\",\n      \"question\": \"Comments/Questions\",\n      \"question_placeholder\": \"Enter your comments here\",\n      \"submit\": \"Submit Message\",\n      \"successful\": \"We've received your feedback and will respond shortly if required. <a href=\\\"{shopPath}\\\">Continue</a>.\"\n    },\n    \"giftcard\": {\n      \"heading\": \"Gift Certificates\",\n      \"purchase\": {\n        \"heading\": \"Purchase Gift Certificate\",\n        \"subheading\": \"This gift certificate will be emailed to the recipient after your order has been paid for.\",\n        \"to_name\": \"Recipient's Name\",\n        \"to_email\": \"Recipient's Email\",\n        \"from_name\": \"Your Name\",\n        \"from_email\": \"Your Email\",\n        \"message\": \"Message (optional)\",\n        \"amount\": \"Amount\",\n        \"preview\": \"Preview Theme\",\n        \"theme\": \"Gift Certificate Theme\",\n        \"custom_range\": \"(Value must be between {min} and {max})\",\n        \"agree\": \"I understand that Gift Certificates expire after {days, plural, one {1 day} other {# days}}\",\n        \"agree2\": \"I agree that Gift Certificates are nonrefundable\",\n        \"submit_value\": \"Add Gift Certificate to Cart\",\n        \"update_value\": \"Update Gift Certificate\"\n      },\n      \"balance\": {\n        \"heading\": \"Check Gift Certificate Balance\",\n        \"subheading\": \"You can check the balance of a gift certificate by typing the code in to the box below.\",\n        \"code\": \"Gift Certificate Code\",\n        \"submit_value\": \"Check Balance\"\n      },\n      \"redeem\": {\n        \"heading\": \"Redeem Gift Certificate\",\n        \"subheading\": \"To redeem a gift certificate at {store_name}, follow the simple steps below.\",\n        \"item1\": \"You need your unique gift certificate code, which is part of the gift certificate that was emailed to you as an attachment. It will look something like Z50-Y6K-COS-402.\",\n        \"item2\": \"Browse the store and add items to your cart as you normally would.\",\n        \"item3\": \"Click the '<a href=\\\"{cart_url}\\\">View Cart</a>' link to view the contents of your shopping cart.\",\n        \"item4\": \"Type your gift certificate code in to the 'Redeem Gift Certificate' box and click 'Go'.\"\n      }\n    },\n    \"account\": {\n      \"common\": {\n        \"yes\": \"Yes\",\n        \"no\": \"No\",\n        \"edit\": \"Edit\",\n        \"delete\": \"Delete\",\n        \"share\": \"Share\",\n        \"required\": \"Required\",\n        \"cancel\": \"Cancel\",\n        \"store_credit\": \"You have <strong>{store_credit}</strong> of store credit. To use it, simply place your order and you will be able to choose store credit as the payment method when it comes time to pay for your order.\"\n      },\n      \"menu\": {\n        \"orders\": \"Orders\",\n        \"returns\": \"Returns\",\n        \"addresses\": \"Addresses\",\n        \"wishlists\": \"Wishlists\",\n        \"recently_viewed\": \"Recently Viewed\",\n        \"settings\": \"Account Settings\",\n        \"messages\": \"Messages\"\n      },\n      \"receipt\": {\n        \"heading\": \"Order #{number}\",\n        \"billing_title\": \"Bill To\",\n        \"shipping_title\": \"Ship To\",\n        \"ship_to_multi_text\": \"Order will be shipped to multiple addresses.\",\n        \"actions\": {\n          \"print_invoice\": \"Print Invoice\",\n          \"reorder_items\": \"Reorder\",\n          \"return_items\": \"Request Return\"\n        },\n        \"items\": {\n          \"title\": \"Items\",\n          \"product_title\": \"{quantity} × {name}\",\n          \"options\": \"Options\",\n          \"customizations\": \"Customizations\",\n          \"gift_wrapping\": \"Gift wrapping\",\n          \"refunded\": \"Refunded\",\n          \"reorder\": \"Reorder\",\n          \"download\": \"Download items\"\n        },\n        \"shipments\": {\n          \"title\": \"Shipments\",\n          \"date\": \"Date\",\n          \"provider\": \"Provider\",\n          \"link\": \"Tracking Number\"\n        }\n      },\n      \"return\": {\n        \"heading\": \"Return Items from Order #{id}\",\n        \"empty\": \"This order contains no products that can be returned. Have you already returned all of the items within this order?\",\n        \"order_item\": \"Item\",\n        \"item_price\": \"Price\",\n        \"quantity\": \"Qty To Return\",\n        \"reason\": \"Return Reason\",\n        \"action\": \"Return Action\",\n        \"comments\": \"Comments\",\n        \"request_return\": \"Submit Return Request\"\n      },\n      \"download\": {\n        \"heading\": \"{name} (#{number})\",\n        \"expired\": \"File has expired\",\n        \"days_remaining\": \"{days} days remaining\",\n        \"downloads_remaining\": \"{downloads} downloads remaining\"\n      },\n      \"invoice\": {\n        \"heading\": \"Order #{number}\",\n        \"billing_title\": \"Bill To\",\n        \"product_title\": \"Item\",\n        \"quantity_title\": \"Quantity\",\n        \"price_title\": \"Price\",\n        \"giftwrap\": \"Giftwrapping\",\n        \"quantity\": \"{quantity} × {price}\"\n      },\n      \"orders\": {\n        \"heading_all\": \"Orders\",\n        \"heading_completed\": \"Completed Orders\",\n        \"view_all\": \"View All\",\n        \"items\": {\n          \"number\": \"Order #{number}\",\n          \"description\": \"{num_products, plural, one {1 item} other {# items}} totaling {cost}\",\n          \"placed\": \"Placed On\",\n          \"updated\": \"Updated On\",\n          \"empty\": \"You haven't placed any orders yet.\"\n        }\n      },\n      \"addresses\": {\n        \"heading\": \"Addresses\",\n        \"add_heading\": \"Add New Address\",\n        \"edit_heading\": \"Edit Address\",\n        \"primary\": \"Primary\",\n        \"phone\": \"Phone: {phone_number}\",\n        \"new_address\": \"New Address\",\n        \"no_addresses\": \"You currently have no addresses added to your profile\",\n        \"submit\": \"Save Address\"\n      },\n      \"wishlists\": {\n        \"heading\": \"Wishlists\",\n        \"new\": \"New Wishlist\",\n        \"num_items\": \"# Items\",\n        \"add_item\": \"Add to wishlist\",\n        \"wishlist_name\": \"Wishlist Name\",\n        \"make_public\": \"Make wishlist public\",\n        \"public\": \"Public\",\n        \"action\": \"Action\",\n        \"add\": \"Add Wishlist\",\n        \"delete_all\": \"Delete All\",\n        \"edit\": \"Edit Wishlist\",\n        \"view_heading\": \"Wishlist: {name}\",\n        \"share_intro\": \"Share this wishlist with friends\",\n        \"wishlist_contents\": \"Wishlist Contents\",\n        \"num_products\": \"{num_products, plural, one {1 product} other {# products}}\",\n        \"create\": \"Create Wishlist\",\n        \"save\": \"Save Wishlist\",\n        \"compare\": \"Compare\",\n        \"empty\": \"You have no wishlists.\",\n        \"details_empty\": \"There are no items in this wishlist.\"\n      },\n      \"recent_items\": {\n        \"heading\": \"Recently Viewed\",\n        \"compare\": \"Compare\",\n        \"empty\": \"You haven't viewed any items recently.\"\n      },\n      \"returns\": {\n        \"heading\": \"Returns\",\n        \"successful\": \"Your return was submitted successfully. We'll respond as soon as we can.\",\n        \"no_returns\": \"You haven't made any returns yet.\",\n        \"list\": {\n          \"title\": \"{quantity} × {name}\",\n          \"number\": \"Return #{number}\",\n          \"date\": \"Requested\",\n          \"action\": \"Action\",\n          \"reason\": \"Reason\",\n          \"comments\": \"Comments\"\n        },\n        \"status\": {\n          \"pending\": \"Pending\",\n          \"received\": \"Received\",\n          \"authorized\": \"Authorized\",\n          \"repaired\": \"Repaired\",\n          \"refunded\": \"Refunded\",\n          \"rejected\": \"Rejected\",\n          \"cancelled\": \"Cancelled\"\n        }\n      },\n      \"settings\": {\n        \"heading\": \"Account Settings\",\n        \"first_name\": \"First Name\",\n        \"last_name\": \"Last Name\",\n        \"company\": \"Company\",\n        \"phone\": \"Phone Number\",\n        \"submit\": \"Update Details\"\n      },\n      \"messages\": {\n        \"heading\": \"Messages\",\n        \"customer_said\": \"You said:\",\n        \"merchant_said\": \"{store_name} said:\",\n        \"no_messages\": \"You have no messages at this time.\",\n        \"list\": {\n          \"message_date\": \"Date\",\n          \"message_subject\": \"Subject\",\n          \"message_name\": \"Message\"\n        }\n      },\n      \"inbox\": {\n        \"order\": \"Order\",\n        \"order_pick_one\": \"Select an order...\",\n        \"order_display\": \"Order #{id} / {date} / {total}\",\n        \"subject\": \"Subject\",\n        \"message\": \"Message\",\n        \"show_form\": \"Send Message\",\n        \"submit\": \"Send Message\",\n        \"clear\": \"Clear\"\n      },\n      \"products\": {\n        \"current_stock\": \"Current Stock:\",\n        \"quantity\": \"Quantity:\",\n        \"quantity_decrease\": \"Decrease Quantity:\",\n        \"quantity_increase\": \"Increase Quantity:\",\n        \"related_products\": \"Related Products\",\n        \"top\": \"Most Popular Products\",\n        \"similar_by_views\": \"Customers Also Viewed\",\n        \"featured\": \"Featured Products\",\n        \"new\": \"New Products\",\n        \"tabs\": {\n          \"details\": \"Details\",\n          \"reviews\": \"Reviews\",\n          \"delivery\": \"Delivery\"\n        },\n        \"reviews\": {\n          \"captcha_heading\": \"Security Question\",\n          \"hide\": \"Hide Reviews\",\n          \"new\": \"Write a Review\",\n          \"show\": \"Show Reviews\",\n          \"header\": \"{total, plural, =0{0 Reviews} one {# Review} other {# Reviews}}\",\n          \"rating_label\": \"Rating\",\n          \"link_to_review\": \"({total, plural, =0{No reviews yet} one {# review} other {# reviews}})\",\n          \"post_on_by\": \"Posted by { name } on { date }\",\n          \"select_rating\": \"Select Rating\",\n          \"anonymous_poster\": \"Unknown\",\n          \"rating\": {\n            \"1\": \"1 star (worst)\",\n            \"2\": \"2 stars\",\n            \"3\": \"3 stars (average)\",\n            \"4\": \"4 stars\",\n            \"5\": \"5 stars (best)\"\n          },\n          \"write_a_review\": \"Write a Review\",\n          \"form_write\": {\n            \"name\": \"Name\",\n            \"email\": \"Email\",\n            \"subject\": \"Review Subject\",\n            \"comments\": \"Comments\",\n            \"submit_value\": \"Submit Review\"\n          }\n        },\n        \"videos\": {\n          \"header\": \"Videos\",\n          \"hide\": \"Hide Videos\",\n          \"show\": \"Show Videos\"\n        },\n        \"add_to_cart\": \"Add to Cart\",\n        \"options\": \"Options\",\n        \"sku\": \"SKU\",\n        \"condition\": \"Condition\",\n        \"availability\": \"Availability\",\n        \"shipping\": \"Shipping Cost\",\n        \"shipping_fixed\": \"{amount} (Fixed Shipping Cost)\",\n        \"shipping_free\": \"Free Shipping\",\n        \"sold_out\": \"Sold Out\",\n        \"pre_order\": \"Pre-Order Now\",\n        \"choose_options\": \"Choose Options\",\n        \"quick_view\": \"Quick view\",\n        \"compare\": \"Compare\",\n        \"upload\": \"Upload\",\n        \"max_filesize\": \"Maximum file size is: {bytes}KB\",\n        \"filetypes\": \"File types are: {file_types}\",\n        \"choose_an_option\": \"Please choose an option\",\n        \"select_one\": \"Please select one\",\n        \"description\": \"Description\",\n        \"retail_price\": \"MSRP {price}\",\n        \"price_with_tax\": \"{price} (Inc. {tax_label})\",\n        \"price_without_tax\": \"{price} (Ex. {tax_label})\",\n        \"weight\": \"Weight\",\n        \"you_save\": \"(You save {amount})\"\n      }\n    },\n    \"invoice\": {\n      \"for_order\": \"{name} Invoice for Order #{id}\",\n      \"phone\": \"Phone: {number}\",\n      \"email\": \"Email: {email}\",\n      \"order\": \"Order:\",\n      \"payment_method\": \"Payment Method:\",\n      \"order_date\": \"Order Date:\",\n      \"shipping_method\": \"Shipping Method:\",\n      \"order_items\": \"Order Items\",\n      \"qty\": \"Qty\",\n      \"code\": \"Code/SKU\",\n      \"shipping_address\": \"Shipping Address\",\n      \"product_name\": \"Product Name\",\n      \"price\": \"Price\",\n      \"total\": \"Total\",\n      \"comments\": \"Comments\"\n    },\n    \"auth\": {\n      \"login\": {\n        \"login_form\": {\n          \"heading\": \"Log in\",\n          \"email_address\": \"Email Address\",\n          \"password\": \"Password\",\n          \"submit\": \"Log In\",\n          \"forgot_password\": \"Forgot password?\"\n        },\n        \"create_form\": {\n          \"heading\": \"New Customer\",\n          \"intro\": \"Create an account with us and you'll be able to:\",\n          \"fact_faster\": \"Check out faster\",\n          \"fact_addresses\": \"Save multiple shipping addresses\",\n          \"fact_order_history\": \"Access your order history\",\n          \"fact_track_orders\": \"Track new orders\",\n          \"fact_wishlist\": \"Save items to your wish list\",\n          \"create_account\": \"Create Account\"\n        }\n      },\n      \"create\": {\n        \"heading\": \"Create Account\",\n        \"submit\": \"Create Account\"\n      },\n      \"created\": {\n        \"heading\": \"Account Created\",\n        \"message\": \"Your <em>{store_name}</em> account was created with the email address: <em>{email}</em>\",\n        \"continue\": \"Continue\"\n      },\n      \"new_password\": {\n        \"heading\": \"New Password\",\n        \"password\": \"New Password\",\n        \"password2\": \"Confirm Password\",\n        \"submit\": \"Update Password\",\n        \"passwords_no_match\": \"Your passwords do not match.\"\n      },\n      \"forgot\": {\n        \"heading\": \"Forgot Password\",\n        \"message\": \"Fill in your email below to request a new password. An email will be sent to the address below containing a link to verify your email address.\",\n        \"email_address\": \"Email Address\",\n        \"submit\": \"Reset Password\"\n      }\n    },\n    \"unavailable\": {\n      \"maintenance_heading\": \"Down for maintenance\",\n      \"maintenance_message\": \"This store is currently unavailable due to maintenance. It should be available again shortly. We apologize for any inconvenience caused.\",\n      \"hibernation_heading\": \"We'll be back\",\n      \"hibernation_message\": \"Thanks for visiting. Our store is currently unavailable. We apologize for any inconvenience caused.\"\n    }\n  },\n  \"auth\": {\n    \"forms\": {\n      \"email_address\": \"Email Address\",\n      \"required\": \"Required\",\n      \"state_error\": \"There was a problem retrieving states/provinces\"\n    },\n    \"login\": {\n      \"title\": \"Log in\",\n      \"password\": \"Password\",\n      \"submit\": \"Submit\",\n      \"forgot_password\": \"Forgot Password\",\n      \"new_customer\": {\n        \"title\": \"New Customer\",\n        \"intro\": \"Create an account with us and you'll be able to:\",\n        \"fact1\": \"Check out faster\",\n        \"fact2\": \"Save multiple shipping addresses\",\n        \"fact3\": \"Access your order history\",\n        \"fact4\": \"Track new orders\",\n        \"fact5\": \"Save items to your wish list\",\n        \"create_account\": \"Create Account\"\n      }\n    },\n    \"create_account\": {\n      \"title\": \"Create Account\",\n      \"submit\": \"Create Account\",\n      \"captcha\": \"Captcha\"\n    },\n    \"account_created\": {\n      \"title\": \"Account Created\",\n      \"message\": \"Your {store_name} account was created with the email address: {email}\",\n      \"continue\": \"Continue\"\n    },\n    \"forgot_password\": {\n      \"title\": \"Forgot Password\",\n      \"message\": \"Forget your password?\",\n      \"submit\": \"Reset Password\",\n      \"success_message\": \"Great! We've sent you an email with instructions on how to reset your password.\"\n    },\n    \"new_password\": {\n      \"title\": \"New Password\"\n    }\n  }\n}\n"}